identity_id,identity_dir,num_images_found,num_images_success,num_images_failed,num_templates_added,status,reason
101000,D:\Liang\Pcode\Face Recognition System\identities\101000,,,,15,skipped,already_exists_in_gallery
101001,D:\Liang\Pcode\Face Recognition System\identities\101001,,,,15,skipped,already_exists_in_gallery
101002,D:\Liang\Pcode\Face Recognition System\identities\101002,,,,15,skipped,already_exists_in_gallery
101003,D:\Liang\Pcode\Face Recognition System\identities\101003,15,15,0,15,success,ok
101005,D:\Liang\Pcode\Face Recognition System\identities\101005,,,,15,skipped,already_exists_in_gallery
101010,D:\Liang\Pcode\Face Recognition System\identities\101010,,,,15,skipped,already_exists_in_gallery
101011,D:\Liang\Pcode\Face Recognition System\identities\101011,,,,15,skipped,already_exists_in_gallery
101019,D:\Liang\Pcode\Face Recognition System\identities\101019,,,,15,skipped,already_exists_in_gallery
101021,D:\Liang\Pcode\Face Recognition System\identities\101021,,,,15,skipped,already_exists_in_gallery
101022,D:\Liang\Pcode\Face Recognition System\identities\101022,,,,15,skipped,already_exists_in_gallery
101024,D:\Liang\Pcode\Face Recognition System\identities\101024,,,,15,skipped,already_exists_in_gallery
101030,D:\Liang\Pcode\Face Recognition System\identities\101030,,,,15,skipped,already_exists_in_gallery
101031,D:\Liang\Pcode\Face Recognition System\identities\101031,,,,15,skipped,already_exists_in_gallery
101033,D:\Liang\Pcode\Face Recognition System\identities\101033,,,,15,skipped,already_exists_in_gallery
101034,D:\Liang\Pcode\Face Recognition System\identities\101034,,,,15,skipped,already_exists_in_gallery
101037,D:\Liang\Pcode\Face Recognition System\identities\101037,,,,15,skipped,already_exists_in_gallery
101038,D:\Liang\Pcode\Face Recognition System\identities\101038,,,,15,skipped,already_exists_in_gallery
101039,D:\Liang\Pcode\Face Recognition System\identities\101039,,,,15,skipped,already_exists_in_gallery
101042,D:\Liang\Pcode\Face Recognition System\identities\101042,,,,15,skipped,already_exists_in_gallery
101044,D:\Liang\Pcode\Face Recognition System\identities\101044,,,,15,skipped,already_exists_in_gallery
101045,D:\Liang\Pcode\Face Recognition System\identities\101045,,,,15,skipped,already_exists_in_gallery
101046,D:\Liang\Pcode\Face Recognition System\identities\101046,,,,15,skipped,already_exists_in_gallery
101047,D:\Liang\Pcode\Face Recognition System\identities\101047,,,,15,skipped,already_exists_in_gallery
101048,D:\Liang\Pcode\Face Recognition System\identities\101048,,,,15,skipped,already_exists_in_gallery
101049,D:\Liang\Pcode\Face Recognition System\identities\101049,,,,15,skipped,already_exists_in_gallery
101050,D:\Liang\Pcode\Face Recognition System\identities\101050,,,,15,skipped,already_exists_in_gallery
101051,D:\Liang\Pcode\Face Recognition System\identities\101051,,,,15,skipped,already_exists_in_gallery
101052,D:\Liang\Pcode\Face Recognition System\identities\101052,,,,15,skipped,already_exists_in_gallery
101053,D:\Liang\Pcode\Face Recognition System\identities\101053,,,,15,skipped,already_exists_in_gallery
101054,D:\Liang\Pcode\Face Recognition System\identities\101054,,,,15,skipped,already_exists_in_gallery
101056,D:\Liang\Pcode\Face Recognition System\identities\101056,,,,15,skipped,already_exists_in_gallery
101057,D:\Liang\Pcode\Face Recognition System\identities\101057,,,,15,skipped,already_exists_in_gallery
101058,D:\Liang\Pcode\Face Recognition System\identities\101058,,,,15,skipped,already_exists_in_gallery
101059,D:\Liang\Pcode\Face Recognition System\identities\101059,,,,15,skipped,already_exists_in_gallery
101060,D:\Liang\Pcode\Face Recognition System\identities\101060,,,,15,skipped,already_exists_in_gallery
101061,D:\Liang\Pcode\Face Recognition System\identities\101061,,,,15,skipped,already_exists_in_gallery
101062,D:\Liang\Pcode\Face Recognition System\identities\101062,,,,15,skipped,already_exists_in_gallery
101063,D:\Liang\Pcode\Face Recognition System\identities\101063,,,,15,skipped,already_exists_in_gallery
101064,D:\Liang\Pcode\Face Recognition System\identities\101064,,,,15,skipped,already_exists_in_gallery
101065,D:\Liang\Pcode\Face Recognition System\identities\101065,,,,15,skipped,already_exists_in_gallery
101066,D:\Liang\Pcode\Face Recognition System\identities\101066,,,,15,skipped,already_exists_in_gallery
101067,D:\Liang\Pcode\Face Recognition System\identities\101067,,,,15,skipped,already_exists_in_gallery
101068,D:\Liang\Pcode\Face Recognition System\identities\101068,,,,15,skipped,already_exists_in_gallery
101069,D:\Liang\Pcode\Face Recognition System\identities\101069,,,,15,skipped,already_exists_in_gallery
101070,D:\Liang\Pcode\Face Recognition System\identities\101070,,,,15,skipped,already_exists_in_gallery
101071,D:\Liang\Pcode\Face Recognition System\identities\101071,,,,15,skipped,already_exists_in_gallery
101072,D:\Liang\Pcode\Face Recognition System\identities\101072,,,,15,skipped,already_exists_in_gallery
101073,D:\Liang\Pcode\Face Recognition System\identities\101073,,,,15,skipped,already_exists_in_gallery
101074,D:\Liang\Pcode\Face Recognition System\identities\101074,,,,15,skipped,already_exists_in_gallery
102003,D:\Liang\Pcode\Face Recognition System\identities\102003,,,,15,skipped,already_exists_in_gallery
102010,D:\Liang\Pcode\Face Recognition System\identities\102010,,,,15,skipped,already_exists_in_gallery
102011,D:\Liang\Pcode\Face Recognition System\identities\102011,,,,15,skipped,already_exists_in_gallery
102014,D:\Liang\Pcode\Face Recognition System\identities\102014,,,,15,skipped,already_exists_in_gallery
102015,D:\Liang\Pcode\Face Recognition System\identities\102015,,,,15,skipped,already_exists_in_gallery
102017,D:\Liang\Pcode\Face Recognition System\identities\102017,,,,15,skipped,already_exists_in_gallery
102020,D:\Liang\Pcode\Face Recognition System\identities\102020,,,,15,skipped,already_exists_in_gallery
102022,D:\Liang\Pcode\Face Recognition System\identities\102022,,,,15,skipped,already_exists_in_gallery
102024,D:\Liang\Pcode\Face Recognition System\identities\102024,,,,15,skipped,already_exists_in_gallery
102027,D:\Liang\Pcode\Face Recognition System\identities\102027,,,,15,skipped,already_exists_in_gallery
102028,D:\Liang\Pcode\Face Recognition System\identities\102028,,,,15,skipped,already_exists_in_gallery
102036,D:\Liang\Pcode\Face Recognition System\identities\102036,,,,15,skipped,already_exists_in_gallery
102037,D:\Liang\Pcode\Face Recognition System\identities\102037,,,,15,skipped,already_exists_in_gallery
102038,D:\Liang\Pcode\Face Recognition System\identities\102038,,,,15,skipped,already_exists_in_gallery
102039,D:\Liang\Pcode\Face Recognition System\identities\102039,,,,15,skipped,already_exists_in_gallery
102040,D:\Liang\Pcode\Face Recognition System\identities\102040,,,,15,skipped,already_exists_in_gallery
102041,D:\Liang\Pcode\Face Recognition System\identities\102041,,,,15,skipped,already_exists_in_gallery
102042,D:\Liang\Pcode\Face Recognition System\identities\102042,,,,15,skipped,already_exists_in_gallery
102043,D:\Liang\Pcode\Face Recognition System\identities\102043,,,,15,skipped,already_exists_in_gallery
102044,D:\Liang\Pcode\Face Recognition System\identities\102044,,,,15,skipped,already_exists_in_gallery
102045,D:\Liang\Pcode\Face Recognition System\identities\102045,,,,15,skipped,already_exists_in_gallery
102047,D:\Liang\Pcode\Face Recognition System\identities\102047,,,,15,skipped,already_exists_in_gallery
102049,D:\Liang\Pcode\Face Recognition System\identities\102049,,,,15,skipped,already_exists_in_gallery
102050,D:\Liang\Pcode\Face Recognition System\identities\102050,,,,15,skipped,already_exists_in_gallery
102051,D:\Liang\Pcode\Face Recognition System\identities\102051,,,,15,skipped,already_exists_in_gallery
102052,D:\Liang\Pcode\Face Recognition System\identities\102052,,,,15,skipped,already_exists_in_gallery
102056,D:\Liang\Pcode\Face Recognition System\identities\102056,,,,15,skipped,already_exists_in_gallery
102057,D:\Liang\Pcode\Face Recognition System\identities\102057,,,,15,skipped,already_exists_in_gallery
102058,D:\Liang\Pcode\Face Recognition System\identities\102058,,,,15,skipped,already_exists_in_gallery
102059,D:\Liang\Pcode\Face Recognition System\identities\102059,,,,15,skipped,already_exists_in_gallery
102060,D:\Liang\Pcode\Face Recognition System\identities\102060,,,,15,skipped,already_exists_in_gallery
102061,D:\Liang\Pcode\Face Recognition System\identities\102061,,,,15,skipped,already_exists_in_gallery
102062,D:\Liang\Pcode\Face Recognition System\identities\102062,,,,15,skipped,already_exists_in_gallery
102063,D:\Liang\Pcode\Face Recognition System\identities\102063,,,,15,skipped,already_exists_in_gallery
102065,D:\Liang\Pcode\Face Recognition System\identities\102065,,,,15,skipped,already_exists_in_gallery
102066,D:\Liang\Pcode\Face Recognition System\identities\102066,,,,15,skipped,already_exists_in_gallery
102067,D:\Liang\Pcode\Face Recognition System\identities\102067,,,,15,skipped,already_exists_in_gallery
102068,D:\Liang\Pcode\Face Recognition System\identities\102068,,,,15,skipped,already_exists_in_gallery
102069,D:\Liang\Pcode\Face Recognition System\identities\102069,,,,15,skipped,already_exists_in_gallery
102070,D:\Liang\Pcode\Face Recognition System\identities\102070,,,,15,skipped,already_exists_in_gallery
102071,D:\Liang\Pcode\Face Recognition System\identities\102071,,,,15,skipped,already_exists_in_gallery
102072,D:\Liang\Pcode\Face Recognition System\identities\102072,,,,15,skipped,already_exists_in_gallery
102073,D:\Liang\Pcode\Face Recognition System\identities\102073,,,,15,skipped,already_exists_in_gallery
102074,D:\Liang\Pcode\Face Recognition System\identities\102074,,,,15,skipped,already_exists_in_gallery
102075,D:\Liang\Pcode\Face Recognition System\identities\102075,,,,15,skipped,already_exists_in_gallery
102076,D:\Liang\Pcode\Face Recognition System\identities\102076,,,,15,skipped,already_exists_in_gallery
102077,D:\Liang\Pcode\Face Recognition System\identities\102077,,,,15,skipped,already_exists_in_gallery
102078,D:\Liang\Pcode\Face Recognition System\identities\102078,,,,15,skipped,already_exists_in_gallery
102079,D:\Liang\Pcode\Face Recognition System\identities\102079,,,,15,skipped,already_exists_in_gallery
102080,D:\Liang\Pcode\Face Recognition System\identities\102080,,,,15,skipped,already_exists_in_gallery
102081,D:\Liang\Pcode\Face Recognition System\identities\102081,,,,15,skipped,already_exists_in_gallery
102082,D:\Liang\Pcode\Face Recognition System\identities\102082,,,,15,skipped,already_exists_in_gallery
102083,D:\Liang\Pcode\Face Recognition System\identities\102083,,,,15,skipped,already_exists_in_gallery
102084,D:\Liang\Pcode\Face Recognition System\identities\102084,,,,15,skipped,already_exists_in_gallery
102085,D:\Liang\Pcode\Face Recognition System\identities\102085,,,,15,skipped,already_exists_in_gallery
102088,D:\Liang\Pcode\Face Recognition System\identities\102088,,,,15,skipped,already_exists_in_gallery
102089,D:\Liang\Pcode\Face Recognition System\identities\102089,,,,15,skipped,already_exists_in_gallery
102090,D:\Liang\Pcode\Face Recognition System\identities\102090,,,,15,skipped,already_exists_in_gallery
103013,D:\Liang\Pcode\Face Recognition System\identities\103013,,,,15,skipped,already_exists_in_gallery
103023,D:\Liang\Pcode\Face Recognition System\identities\103023,,,,15,skipped,already_exists_in_gallery
103027,D:\Liang\Pcode\Face Recognition System\identities\103027,,,,15,skipped,already_exists_in_gallery
103033,D:\Liang\Pcode\Face Recognition System\identities\103033,,,,15,skipped,already_exists_in_gallery
103055,D:\Liang\Pcode\Face Recognition System\identities\103055,,,,15,skipped,already_exists_in_gallery
103056,D:\Liang\Pcode\Face Recognition System\identities\103056,,,,15,skipped,already_exists_in_gallery
103057,D:\Liang\Pcode\Face Recognition System\identities\103057,,,,15,skipped,already_exists_in_gallery
103059,D:\Liang\Pcode\Face Recognition System\identities\103059,,,,15,skipped,already_exists_in_gallery
103060,D:\Liang\Pcode\Face Recognition System\identities\103060,,,,15,skipped,already_exists_in_gallery
103061,D:\Liang\Pcode\Face Recognition System\identities\103061,,,,15,skipped,already_exists_in_gallery
103062,D:\Liang\Pcode\Face Recognition System\identities\103062,,,,15,skipped,already_exists_in_gallery
103063,D:\Liang\Pcode\Face Recognition System\identities\103063,,,,15,skipped,already_exists_in_gallery
103064,D:\Liang\Pcode\Face Recognition System\identities\103064,,,,15,skipped,already_exists_in_gallery
103065,D:\Liang\Pcode\Face Recognition System\identities\103065,,,,15,skipped,already_exists_in_gallery
103066,D:\Liang\Pcode\Face Recognition System\identities\103066,,,,15,skipped,already_exists_in_gallery
103067,D:\Liang\Pcode\Face Recognition System\identities\103067,,,,15,skipped,already_exists_in_gallery
103068,D:\Liang\Pcode\Face Recognition System\identities\103068,,,,15,skipped,already_exists_in_gallery
103069,D:\Liang\Pcode\Face Recognition System\identities\103069,,,,15,skipped,already_exists_in_gallery
103072,D:\Liang\Pcode\Face Recognition System\identities\103072,,,,15,skipped,already_exists_in_gallery
103073,D:\Liang\Pcode\Face Recognition System\identities\103073,,,,15,skipped,already_exists_in_gallery
103075,D:\Liang\Pcode\Face Recognition System\identities\103075,,,,15,skipped,already_exists_in_gallery
103076,D:\Liang\Pcode\Face Recognition System\identities\103076,,,,15,skipped,already_exists_in_gallery
103077,D:\Liang\Pcode\Face Recognition System\identities\103077,,,,15,skipped,already_exists_in_gallery
103078,D:\Liang\Pcode\Face Recognition System\identities\103078,,,,15,skipped,already_exists_in_gallery
103079,D:\Liang\Pcode\Face Recognition System\identities\103079,,,,15,skipped,already_exists_in_gallery
103080,D:\Liang\Pcode\Face Recognition System\identities\103080,,,,15,skipped,already_exists_in_gallery
103081,D:\Liang\Pcode\Face Recognition System\identities\103081,,,,15,skipped,already_exists_in_gallery
103082,D:\Liang\Pcode\Face Recognition System\identities\103082,,,,15,skipped,already_exists_in_gallery
103083,D:\Liang\Pcode\Face Recognition System\identities\103083,,,,15,skipped,already_exists_in_gallery
103084,D:\Liang\Pcode\Face Recognition System\identities\103084,,,,15,skipped,already_exists_in_gallery
103085,D:\Liang\Pcode\Face Recognition System\identities\103085,,,,15,skipped,already_exists_in_gallery
103086,D:\Liang\Pcode\Face Recognition System\identities\103086,,,,15,skipped,already_exists_in_gallery
103087,D:\Liang\Pcode\Face Recognition System\identities\103087,,,,15,skipped,already_exists_in_gallery
103088,D:\Liang\Pcode\Face Recognition System\identities\103088,,,,15,skipped,already_exists_in_gallery
103089,D:\Liang\Pcode\Face Recognition System\identities\103089,,,,15,skipped,already_exists_in_gallery
103090,D:\Liang\Pcode\Face Recognition System\identities\103090,,,,15,skipped,already_exists_in_gallery
103091,D:\Liang\Pcode\Face Recognition System\identities\103091,,,,15,skipped,already_exists_in_gallery
103092,D:\Liang\Pcode\Face Recognition System\identities\103092,,,,15,skipped,already_exists_in_gallery
103093,D:\Liang\Pcode\Face Recognition System\identities\103093,,,,15,skipped,already_exists_in_gallery
103094,D:\Liang\Pcode\Face Recognition System\identities\103094,,,,15,skipped,already_exists_in_gallery
103095,D:\Liang\Pcode\Face Recognition System\identities\103095,,,,15,skipped,already_exists_in_gallery
103096,D:\Liang\Pcode\Face Recognition System\identities\103096,,,,15,skipped,already_exists_in_gallery
103097,D:\Liang\Pcode\Face Recognition System\identities\103097,,,,15,skipped,already_exists_in_gallery
103098,D:\Liang\Pcode\Face Recognition System\identities\103098,,,,15,skipped,already_exists_in_gallery
103099,D:\Liang\Pcode\Face Recognition System\identities\103099,,,,15,skipped,already_exists_in_gallery
103100,D:\Liang\Pcode\Face Recognition System\identities\103100,,,,15,skipped,already_exists_in_gallery
103101,D:\Liang\Pcode\Face Recognition System\identities\103101,,,,15,skipped,already_exists_in_gallery
103102,D:\Liang\Pcode\Face Recognition System\identities\103102,,,,15,skipped,already_exists_in_gallery
104002,D:\Liang\Pcode\Face Recognition System\identities\104002,,,,15,skipped,already_exists_in_gallery
104003,D:\Liang\Pcode\Face Recognition System\identities\104003,,,,15,skipped,already_exists_in_gallery
104012,D:\Liang\Pcode\Face Recognition System\identities\104012,,,,15,skipped,already_exists_in_gallery
104023,D:\Liang\Pcode\Face Recognition System\identities\104023,,,,15,skipped,already_exists_in_gallery
104024,D:\Liang\Pcode\Face Recognition System\identities\104024,,,,15,skipped,already_exists_in_gallery
104030,D:\Liang\Pcode\Face Recognition System\identities\104030,,,,15,skipped,already_exists_in_gallery
104032,D:\Liang\Pcode\Face Recognition System\identities\104032,,,,15,skipped,already_exists_in_gallery
104033,D:\Liang\Pcode\Face Recognition System\identities\104033,,,,15,skipped,already_exists_in_gallery
104034,D:\Liang\Pcode\Face Recognition System\identities\104034,,,,15,skipped,already_exists_in_gallery
104036,D:\Liang\Pcode\Face Recognition System\identities\104036,,,,15,skipped,already_exists_in_gallery
104037,D:\Liang\Pcode\Face Recognition System\identities\104037,,,,15,skipped,already_exists_in_gallery
104042,D:\Liang\Pcode\Face Recognition System\identities\104042,,,,15,skipped,already_exists_in_gallery
104043,D:\Liang\Pcode\Face Recognition System\identities\104043,,,,15,skipped,already_exists_in_gallery
104044,D:\Liang\Pcode\Face Recognition System\identities\104044,,,,15,skipped,already_exists_in_gallery
104046,D:\Liang\Pcode\Face Recognition System\identities\104046,,,,15,skipped,already_exists_in_gallery
104049,D:\Liang\Pcode\Face Recognition System\identities\104049,,,,15,skipped,already_exists_in_gallery
104050,D:\Liang\Pcode\Face Recognition System\identities\104050,,,,15,skipped,already_exists_in_gallery
104051,D:\Liang\Pcode\Face Recognition System\identities\104051,,,,15,skipped,already_exists_in_gallery
104052,D:\Liang\Pcode\Face Recognition System\identities\104052,,,,15,skipped,already_exists_in_gallery
104053,D:\Liang\Pcode\Face Recognition System\identities\104053,,,,15,skipped,already_exists_in_gallery
104054,D:\Liang\Pcode\Face Recognition System\identities\104054,,,,15,skipped,already_exists_in_gallery
104055,D:\Liang\Pcode\Face Recognition System\identities\104055,,,,15,skipped,already_exists_in_gallery
104056,D:\Liang\Pcode\Face Recognition System\identities\104056,,,,15,skipped,already_exists_in_gallery
104057,D:\Liang\Pcode\Face Recognition System\identities\104057,,,,15,skipped,already_exists_in_gallery
104058,D:\Liang\Pcode\Face Recognition System\identities\104058,,,,15,skipped,already_exists_in_gallery
104059,D:\Liang\Pcode\Face Recognition System\identities\104059,,,,15,skipped,already_exists_in_gallery
104061,D:\Liang\Pcode\Face Recognition System\identities\104061,,,,15,skipped,already_exists_in_gallery
104062,D:\Liang\Pcode\Face Recognition System\identities\104062,,,,15,skipped,already_exists_in_gallery
104063,D:\Liang\Pcode\Face Recognition System\identities\104063,,,,15,skipped,already_exists_in_gallery
104064,D:\Liang\Pcode\Face Recognition System\identities\104064,,,,15,skipped,already_exists_in_gallery
104065,D:\Liang\Pcode\Face Recognition System\identities\104065,,,,15,skipped,already_exists_in_gallery
104066,D:\Liang\Pcode\Face Recognition System\identities\104066,,,,15,skipped,already_exists_in_gallery
104068,D:\Liang\Pcode\Face Recognition System\identities\104068,,,,15,skipped,already_exists_in_gallery
104069,D:\Liang\Pcode\Face Recognition System\identities\104069,,,,15,skipped,already_exists_in_gallery
104070,D:\Liang\Pcode\Face Recognition System\identities\104070,,,,15,skipped,already_exists_in_gallery
104071,D:\Liang\Pcode\Face Recognition System\identities\104071,,,,15,skipped,already_exists_in_gallery
104072,D:\Liang\Pcode\Face Recognition System\identities\104072,,,,15,skipped,already_exists_in_gallery
104074,D:\Liang\Pcode\Face Recognition System\identities\104074,,,,15,skipped,already_exists_in_gallery
104076,D:\Liang\Pcode\Face Recognition System\identities\104076,,,,15,skipped,already_exists_in_gallery
104077,D:\Liang\Pcode\Face Recognition System\identities\104077,,,,15,skipped,already_exists_in_gallery
104078,D:\Liang\Pcode\Face Recognition System\identities\104078,,,,15,skipped,already_exists_in_gallery
104079,D:\Liang\Pcode\Face Recognition System\identities\104079,,,,15,skipped,already_exists_in_gallery
104080,D:\Liang\Pcode\Face Recognition System\identities\104080,,,,15,skipped,already_exists_in_gallery
104081,D:\Liang\Pcode\Face Recognition System\identities\104081,,,,15,skipped,already_exists_in_gallery
104082,D:\Liang\Pcode\Face Recognition System\identities\104082,,,,15,skipped,already_exists_in_gallery
104083,D:\Liang\Pcode\Face Recognition System\identities\104083,,,,15,skipped,already_exists_in_gallery
104084,D:\Liang\Pcode\Face Recognition System\identities\104084,,,,15,skipped,already_exists_in_gallery
104085,D:\Liang\Pcode\Face Recognition System\identities\104085,,,,15,skipped,already_exists_in_gallery
104086,D:\Liang\Pcode\Face Recognition System\identities\104086,,,,15,skipped,already_exists_in_gallery
104087,D:\Liang\Pcode\Face Recognition System\identities\104087,,,,15,skipped,already_exists_in_gallery
104088,D:\Liang\Pcode\Face Recognition System\identities\104088,,,,15,skipped,already_exists_in_gallery
104089,D:\Liang\Pcode\Face Recognition System\identities\104089,,,,15,skipped,already_exists_in_gallery
104090,D:\Liang\Pcode\Face Recognition System\identities\104090,,,,15,skipped,already_exists_in_gallery
104091,D:\Liang\Pcode\Face Recognition System\identities\104091,,,,15,skipped,already_exists_in_gallery
104092,D:\Liang\Pcode\Face Recognition System\identities\104092,,,,15,skipped,already_exists_in_gallery
104093,D:\Liang\Pcode\Face Recognition System\identities\104093,,,,15,skipped,already_exists_in_gallery
104094,D:\Liang\Pcode\Face Recognition System\identities\104094,,,,15,skipped,already_exists_in_gallery
104095,D:\Liang\Pcode\Face Recognition System\identities\104095,,,,15,skipped,already_exists_in_gallery
104096,D:\Liang\Pcode\Face Recognition System\identities\104096,,,,15,skipped,already_exists_in_gallery
104098,D:\Liang\Pcode\Face Recognition System\identities\104098,,,,15,skipped,already_exists_in_gallery
104099,D:\Liang\Pcode\Face Recognition System\identities\104099,,,,15,skipped,already_exists_in_gallery
104100,D:\Liang\Pcode\Face Recognition System\identities\104100,,,,15,skipped,already_exists_in_gallery
104101,D:\Liang\Pcode\Face Recognition System\identities\104101,,,,15,skipped,already_exists_in_gallery
104102,D:\Liang\Pcode\Face Recognition System\identities\104102,,,,15,skipped,already_exists_in_gallery
104103,D:\Liang\Pcode\Face Recognition System\identities\104103,,,,15,skipped,already_exists_in_gallery
104104,D:\Liang\Pcode\Face Recognition System\identities\104104,,,,15,skipped,already_exists_in_gallery
104105,D:\Liang\Pcode\Face Recognition System\identities\104105,,,,15,skipped,already_exists_in_gallery
104106,D:\Liang\Pcode\Face Recognition System\identities\104106,,,,15,skipped,already_exists_in_gallery
104107,D:\Liang\Pcode\Face Recognition System\identities\104107,,,,15,skipped,already_exists_in_gallery
105006,D:\Liang\Pcode\Face Recognition System\identities\105006,,,,15,skipped,already_exists_in_gallery
105015,D:\Liang\Pcode\Face Recognition System\identities\105015,,,,15,skipped,already_exists_in_gallery
105017,D:\Liang\Pcode\Face Recognition System\identities\105017,,,,15,skipped,already_exists_in_gallery
105020,D:\Liang\Pcode\Face Recognition System\identities\105020,,,,15,skipped,already_exists_in_gallery
105021,D:\Liang\Pcode\Face Recognition System\identities\105021,,,,15,skipped,already_exists_in_gallery
105029,D:\Liang\Pcode\Face Recognition System\identities\105029,,,,15,skipped,already_exists_in_gallery
105030,D:\Liang\Pcode\Face Recognition System\identities\105030,,,,15,skipped,already_exists_in_gallery
105031,D:\Liang\Pcode\Face Recognition System\identities\105031,,,,15,skipped,already_exists_in_gallery
105032,D:\Liang\Pcode\Face Recognition System\identities\105032,,,,15,skipped,already_exists_in_gallery
105033,D:\Liang\Pcode\Face Recognition System\identities\105033,,,,15,skipped,already_exists_in_gallery
105034,D:\Liang\Pcode\Face Recognition System\identities\105034,,,,15,skipped,already_exists_in_gallery
105035,D:\Liang\Pcode\Face Recognition System\identities\105035,,,,15,skipped,already_exists_in_gallery
105038,D:\Liang\Pcode\Face Recognition System\identities\105038,,,,15,skipped,already_exists_in_gallery
105042,D:\Liang\Pcode\Face Recognition System\identities\105042,,,,15,skipped,already_exists_in_gallery
105043,D:\Liang\Pcode\Face Recognition System\identities\105043,,,,15,skipped,already_exists_in_gallery
105044,D:\Liang\Pcode\Face Recognition System\identities\105044,,,,15,skipped,already_exists_in_gallery
105046,D:\Liang\Pcode\Face Recognition System\identities\105046,,,,15,skipped,already_exists_in_gallery
105047,D:\Liang\Pcode\Face Recognition System\identities\105047,,,,15,skipped,already_exists_in_gallery
105048,D:\Liang\Pcode\Face Recognition System\identities\105048,,,,15,skipped,already_exists_in_gallery
105049,D:\Liang\Pcode\Face Recognition System\identities\105049,,,,15,skipped,already_exists_in_gallery
105051,D:\Liang\Pcode\Face Recognition System\identities\105051,,,,15,skipped,already_exists_in_gallery
105052,D:\Liang\Pcode\Face Recognition System\identities\105052,,,,15,skipped,already_exists_in_gallery
105053,D:\Liang\Pcode\Face Recognition System\identities\105053,,,,15,skipped,already_exists_in_gallery
105054,D:\Liang\Pcode\Face Recognition System\identities\105054,,,,15,skipped,already_exists_in_gallery
105055,D:\Liang\Pcode\Face Recognition System\identities\105055,,,,15,skipped,already_exists_in_gallery
105056,D:\Liang\Pcode\Face Recognition System\identities\105056,,,,15,skipped,already_exists_in_gallery
105057,D:\Liang\Pcode\Face Recognition System\identities\105057,,,,15,skipped,already_exists_in_gallery
105058,D:\Liang\Pcode\Face Recognition System\identities\105058,,,,15,skipped,already_exists_in_gallery
105059,D:\Liang\Pcode\Face Recognition System\identities\105059,,,,15,skipped,already_exists_in_gallery
105060,D:\Liang\Pcode\Face Recognition System\identities\105060,,,,15,skipped,already_exists_in_gallery
105061,D:\Liang\Pcode\Face Recognition System\identities\105061,,,,15,skipped,already_exists_in_gallery
105062,D:\Liang\Pcode\Face Recognition System\identities\105062,,,,15,skipped,already_exists_in_gallery
105063,D:\Liang\Pcode\Face Recognition System\identities\105063,,,,15,skipped,already_exists_in_gallery
105064,D:\Liang\Pcode\Face Recognition System\identities\105064,,,,15,skipped,already_exists_in_gallery
105065,D:\Liang\Pcode\Face Recognition System\identities\105065,,,,15,skipped,already_exists_in_gallery
105066,D:\Liang\Pcode\Face Recognition System\identities\105066,,,,15,skipped,already_exists_in_gallery
105067,D:\Liang\Pcode\Face Recognition System\identities\105067,,,,15,skipped,already_exists_in_gallery
105068,D:\Liang\Pcode\Face Recognition System\identities\105068,,,,15,skipped,already_exists_in_gallery
105069,D:\Liang\Pcode\Face Recognition System\identities\105069,,,,15,skipped,already_exists_in_gallery
105070,D:\Liang\Pcode\Face Recognition System\identities\105070,,,,15,skipped,already_exists_in_gallery
105071,D:\Liang\Pcode\Face Recognition System\identities\105071,,,,15,skipped,already_exists_in_gallery
105072,D:\Liang\Pcode\Face Recognition System\identities\105072,,,,15,skipped,already_exists_in_gallery
105073,D:\Liang\Pcode\Face Recognition System\identities\105073,,,,15,skipped,already_exists_in_gallery
106002,D:\Liang\Pcode\Face Recognition System\identities\106002,,,,15,skipped,already_exists_in_gallery
106006,D:\Liang\Pcode\Face Recognition System\identities\106006,,,,15,skipped,already_exists_in_gallery
106012,D:\Liang\Pcode\Face Recognition System\identities\106012,,,,15,skipped,already_exists_in_gallery
106013,D:\Liang\Pcode\Face Recognition System\identities\106013,,,,15,skipped,already_exists_in_gallery
106015,D:\Liang\Pcode\Face Recognition System\identities\106015,,,,15,skipped,already_exists_in_gallery
106016,D:\Liang\Pcode\Face Recognition System\identities\106016,,,,15,skipped,already_exists_in_gallery
106020,D:\Liang\Pcode\Face Recognition System\identities\106020,,,,15,skipped,already_exists_in_gallery
106022,D:\Liang\Pcode\Face Recognition System\identities\106022,,,,15,skipped,already_exists_in_gallery
106023,D:\Liang\Pcode\Face Recognition System\identities\106023,,,,15,skipped,already_exists_in_gallery
106031,D:\Liang\Pcode\Face Recognition System\identities\106031,,,,15,skipped,already_exists_in_gallery
106033,D:\Liang\Pcode\Face Recognition System\identities\106033,,,,15,skipped,already_exists_in_gallery
106034,D:\Liang\Pcode\Face Recognition System\identities\106034,,,,15,skipped,already_exists_in_gallery
106037,D:\Liang\Pcode\Face Recognition System\identities\106037,,,,15,skipped,already_exists_in_gallery
106038,D:\Liang\Pcode\Face Recognition System\identities\106038,,,,15,skipped,already_exists_in_gallery
106039,D:\Liang\Pcode\Face Recognition System\identities\106039,,,,15,skipped,already_exists_in_gallery
106044,D:\Liang\Pcode\Face Recognition System\identities\106044,,,,15,skipped,already_exists_in_gallery
106045,D:\Liang\Pcode\Face Recognition System\identities\106045,,,,15,skipped,already_exists_in_gallery
106046,D:\Liang\Pcode\Face Recognition System\identities\106046,,,,15,skipped,already_exists_in_gallery
106047,D:\Liang\Pcode\Face Recognition System\identities\106047,,,,15,skipped,already_exists_in_gallery
106048,D:\Liang\Pcode\Face Recognition System\identities\106048,,,,15,skipped,already_exists_in_gallery
106049,D:\Liang\Pcode\Face Recognition System\identities\106049,,,,15,skipped,already_exists_in_gallery
106050,D:\Liang\Pcode\Face Recognition System\identities\106050,,,,15,skipped,already_exists_in_gallery
106051,D:\Liang\Pcode\Face Recognition System\identities\106051,,,,15,skipped,already_exists_in_gallery
106052,D:\Liang\Pcode\Face Recognition System\identities\106052,,,,15,skipped,already_exists_in_gallery
106053,D:\Liang\Pcode\Face Recognition System\identities\106053,,,,15,skipped,already_exists_in_gallery
106054,D:\Liang\Pcode\Face Recognition System\identities\106054,,,,15,skipped,already_exists_in_gallery
106055,D:\Liang\Pcode\Face Recognition System\identities\106055,,,,15,skipped,already_exists_in_gallery
106056,D:\Liang\Pcode\Face Recognition System\identities\106056,,,,15,skipped,already_exists_in_gallery
106057,D:\Liang\Pcode\Face Recognition System\identities\106057,,,,15,skipped,already_exists_in_gallery
106058,D:\Liang\Pcode\Face Recognition System\identities\106058,,,,15,skipped,already_exists_in_gallery
107004,D:\Liang\Pcode\Face Recognition System\identities\107004,,,,15,skipped,already_exists_in_gallery
107008,D:\Liang\Pcode\Face Recognition System\identities\107008,,,,15,skipped,already_exists_in_gallery
107014,D:\Liang\Pcode\Face Recognition System\identities\107014,,,,15,skipped,already_exists_in_gallery
107017,D:\Liang\Pcode\Face Recognition System\identities\107017,,,,15,skipped,already_exists_in_gallery
107020,D:\Liang\Pcode\Face Recognition System\identities\107020,,,,15,skipped,already_exists_in_gallery
107022,D:\Liang\Pcode\Face Recognition System\identities\107022,,,,15,skipped,already_exists_in_gallery
107023,D:\Liang\Pcode\Face Recognition System\identities\107023,,,,15,skipped,already_exists_in_gallery
107024,D:\Liang\Pcode\Face Recognition System\identities\107024,,,,15,skipped,already_exists_in_gallery
107025,D:\Liang\Pcode\Face Recognition System\identities\107025,,,,15,skipped,already_exists_in_gallery
107026,D:\Liang\Pcode\Face Recognition System\identities\107026,,,,15,skipped,already_exists_in_gallery
107027,D:\Liang\Pcode\Face Recognition System\identities\107027,,,,15,skipped,already_exists_in_gallery
107028,D:\Liang\Pcode\Face Recognition System\identities\107028,,,,15,skipped,already_exists_in_gallery
107029,D:\Liang\Pcode\Face Recognition System\identities\107029,,,,15,skipped,already_exists_in_gallery
107031,D:\Liang\Pcode\Face Recognition System\identities\107031,,,,15,skipped,already_exists_in_gallery
107034,D:\Liang\Pcode\Face Recognition System\identities\107034,,,,15,skipped,already_exists_in_gallery
107037,D:\Liang\Pcode\Face Recognition System\identities\107037,,,,15,skipped,already_exists_in_gallery
107038,D:\Liang\Pcode\Face Recognition System\identities\107038,,,,15,skipped,already_exists_in_gallery
107041,D:\Liang\Pcode\Face Recognition System\identities\107041,,,,15,skipped,already_exists_in_gallery
107042,D:\Liang\Pcode\Face Recognition System\identities\107042,,,,15,skipped,already_exists_in_gallery
107043,D:\Liang\Pcode\Face Recognition System\identities\107043,,,,15,skipped,already_exists_in_gallery
107044,D:\Liang\Pcode\Face Recognition System\identities\107044,,,,15,skipped,already_exists_in_gallery
107046,D:\Liang\Pcode\Face Recognition System\identities\107046,,,,15,skipped,already_exists_in_gallery
107047,D:\Liang\Pcode\Face Recognition System\identities\107047,,,,15,skipped,already_exists_in_gallery
107049,D:\Liang\Pcode\Face Recognition System\identities\107049,,,,15,skipped,already_exists_in_gallery
107051,D:\Liang\Pcode\Face Recognition System\identities\107051,,,,15,skipped,already_exists_in_gallery
107054,D:\Liang\Pcode\Face Recognition System\identities\107054,,,,15,skipped,already_exists_in_gallery
107055,D:\Liang\Pcode\Face Recognition System\identities\107055,,,,15,skipped,already_exists_in_gallery
107056,D:\Liang\Pcode\Face Recognition System\identities\107056,,,,15,skipped,already_exists_in_gallery
107057,D:\Liang\Pcode\Face Recognition System\identities\107057,,,,15,skipped,already_exists_in_gallery
107058,D:\Liang\Pcode\Face Recognition System\identities\107058,,,,15,skipped,already_exists_in_gallery
107059,D:\Liang\Pcode\Face Recognition System\identities\107059,,,,15,skipped,already_exists_in_gallery
107060,D:\Liang\Pcode\Face Recognition System\identities\107060,,,,15,skipped,already_exists_in_gallery
107061,D:\Liang\Pcode\Face Recognition System\identities\107061,,,,15,skipped,already_exists_in_gallery
107062,D:\Liang\Pcode\Face Recognition System\identities\107062,,,,15,skipped,already_exists_in_gallery
107064,D:\Liang\Pcode\Face Recognition System\identities\107064,,,,15,skipped,already_exists_in_gallery
107065,D:\Liang\Pcode\Face Recognition System\identities\107065,,,,15,skipped,already_exists_in_gallery
107066,D:\Liang\Pcode\Face Recognition System\identities\107066,,,,15,skipped,already_exists_in_gallery
107067,D:\Liang\Pcode\Face Recognition System\identities\107067,,,,15,skipped,already_exists_in_gallery
107068,D:\Liang\Pcode\Face Recognition System\identities\107068,,,,15,skipped,already_exists_in_gallery
107069,D:\Liang\Pcode\Face Recognition System\identities\107069,,,,15,skipped,already_exists_in_gallery
107070,D:\Liang\Pcode\Face Recognition System\identities\107070,,,,15,skipped,already_exists_in_gallery
107071,D:\Liang\Pcode\Face Recognition System\identities\107071,,,,15,skipped,already_exists_in_gallery
107072,D:\Liang\Pcode\Face Recognition System\identities\107072,,,,15,skipped,already_exists_in_gallery
107073,D:\Liang\Pcode\Face Recognition System\identities\107073,,,,15,skipped,already_exists_in_gallery
107074,D:\Liang\Pcode\Face Recognition System\identities\107074,,,,15,skipped,already_exists_in_gallery
108001,D:\Liang\Pcode\Face Recognition System\identities\108001,,,,15,skipped,already_exists_in_gallery
108003,D:\Liang\Pcode\Face Recognition System\identities\108003,,,,15,skipped,already_exists_in_gallery
108009,D:\Liang\Pcode\Face Recognition System\identities\108009,,,,15,skipped,already_exists_in_gallery
108014,D:\Liang\Pcode\Face Recognition System\identities\108014,,,,15,skipped,already_exists_in_gallery
108017,D:\Liang\Pcode\Face Recognition System\identities\108017,,,,15,skipped,already_exists_in_gallery
108018,D:\Liang\Pcode\Face Recognition System\identities\108018,,,,15,skipped,already_exists_in_gallery
108019,D:\Liang\Pcode\Face Recognition System\identities\108019,,,,15,skipped,already_exists_in_gallery
108020,D:\Liang\Pcode\Face Recognition System\identities\108020,,,,15,skipped,already_exists_in_gallery
108021,D:\Liang\Pcode\Face Recognition System\identities\108021,,,,15,skipped,already_exists_in_gallery
108022,D:\Liang\Pcode\Face Recognition System\identities\108022,,,,15,skipped,already_exists_in_gallery
108026,D:\Liang\Pcode\Face Recognition System\identities\108026,,,,15,skipped,already_exists_in_gallery
108030,D:\Liang\Pcode\Face Recognition System\identities\108030,,,,15,skipped,already_exists_in_gallery
108032,D:\Liang\Pcode\Face Recognition System\identities\108032,,,,15,skipped,already_exists_in_gallery
108033,D:\Liang\Pcode\Face Recognition System\identities\108033,,,,15,skipped,already_exists_in_gallery
108036,D:\Liang\Pcode\Face Recognition System\identities\108036,,,,15,skipped,already_exists_in_gallery
108037,D:\Liang\Pcode\Face Recognition System\identities\108037,,,,15,skipped,already_exists_in_gallery
108039,D:\Liang\Pcode\Face Recognition System\identities\108039,,,,15,skipped,already_exists_in_gallery
108040,D:\Liang\Pcode\Face Recognition System\identities\108040,,,,15,skipped,already_exists_in_gallery
108041,D:\Liang\Pcode\Face Recognition System\identities\108041,,,,15,skipped,already_exists_in_gallery
108042,D:\Liang\Pcode\Face Recognition System\identities\108042,,,,15,skipped,already_exists_in_gallery
108043,D:\Liang\Pcode\Face Recognition System\identities\108043,,,,15,skipped,already_exists_in_gallery
108044,D:\Liang\Pcode\Face Recognition System\identities\108044,,,,15,skipped,already_exists_in_gallery
108045,D:\Liang\Pcode\Face Recognition System\identities\108045,,,,15,skipped,already_exists_in_gallery
108046,D:\Liang\Pcode\Face Recognition System\identities\108046,,,,15,skipped,already_exists_in_gallery
108047,D:\Liang\Pcode\Face Recognition System\identities\108047,,,,15,skipped,already_exists_in_gallery
108048,D:\Liang\Pcode\Face Recognition System\identities\108048,,,,15,skipped,already_exists_in_gallery
108049,D:\Liang\Pcode\Face Recognition System\identities\108049,,,,15,skipped,already_exists_in_gallery
108050,D:\Liang\Pcode\Face Recognition System\identities\108050,,,,15,skipped,already_exists_in_gallery
108051,D:\Liang\Pcode\Face Recognition System\identities\108051,,,,15,skipped,already_exists_in_gallery
108052,D:\Liang\Pcode\Face Recognition System\identities\108052,,,,15,skipped,already_exists_in_gallery
108053,D:\Liang\Pcode\Face Recognition System\identities\108053,,,,15,skipped,already_exists_in_gallery
108054,D:\Liang\Pcode\Face Recognition System\identities\108054,,,,15,skipped,already_exists_in_gallery
108055,D:\Liang\Pcode\Face Recognition System\identities\108055,,,,15,skipped,already_exists_in_gallery
108056,D:\Liang\Pcode\Face Recognition System\identities\108056,,,,15,skipped,already_exists_in_gallery
109001,D:\Liang\Pcode\Face Recognition System\identities\109001,,,,15,skipped,already_exists_in_gallery
109009,D:\Liang\Pcode\Face Recognition System\identities\109009,,,,15,skipped,already_exists_in_gallery
109010,D:\Liang\Pcode\Face Recognition System\identities\109010,,,,15,skipped,already_exists_in_gallery
109011,D:\Liang\Pcode\Face Recognition System\identities\109011,,,,15,skipped,already_exists_in_gallery
109012,D:\Liang\Pcode\Face Recognition System\identities\109012,,,,15,skipped,already_exists_in_gallery
109013,D:\Liang\Pcode\Face Recognition System\identities\109013,,,,15,skipped,already_exists_in_gallery
109014,D:\Liang\Pcode\Face Recognition System\identities\109014,,,,15,skipped,already_exists_in_gallery
109015,D:\Liang\Pcode\Face Recognition System\identities\109015,,,,15,skipped,already_exists_in_gallery
109016,D:\Liang\Pcode\Face Recognition System\identities\109016,,,,15,skipped,already_exists_in_gallery
109017,D:\Liang\Pcode\Face Recognition System\identities\109017,,,,15,skipped,already_exists_in_gallery
109021,D:\Liang\Pcode\Face Recognition System\identities\109021,,,,15,skipped,already_exists_in_gallery
109022,D:\Liang\Pcode\Face Recognition System\identities\109022,,,,15,skipped,already_exists_in_gallery
109023,D:\Liang\Pcode\Face Recognition System\identities\109023,,,,15,skipped,already_exists_in_gallery
109024,D:\Liang\Pcode\Face Recognition System\identities\109024,,,,15,skipped,already_exists_in_gallery
109025,D:\Liang\Pcode\Face Recognition System\identities\109025,,,,15,skipped,already_exists_in_gallery
109027,D:\Liang\Pcode\Face Recognition System\identities\109027,,,,15,skipped,already_exists_in_gallery
109029,D:\Liang\Pcode\Face Recognition System\identities\109029,,,,15,skipped,already_exists_in_gallery
109030,D:\Liang\Pcode\Face Recognition System\identities\109030,,,,15,skipped,already_exists_in_gallery
109031,D:\Liang\Pcode\Face Recognition System\identities\109031,,,,15,skipped,already_exists_in_gallery
109032,D:\Liang\Pcode\Face Recognition System\identities\109032,,,,15,skipped,already_exists_in_gallery
109033,D:\Liang\Pcode\Face Recognition System\identities\109033,,,,15,skipped,already_exists_in_gallery
109034,D:\Liang\Pcode\Face Recognition System\identities\109034,,,,15,skipped,already_exists_in_gallery
109035,D:\Liang\Pcode\Face Recognition System\identities\109035,,,,15,skipped,already_exists_in_gallery
109036,D:\Liang\Pcode\Face Recognition System\identities\109036,,,,15,skipped,already_exists_in_gallery
109037,D:\Liang\Pcode\Face Recognition System\identities\109037,,,,15,skipped,already_exists_in_gallery
109038,D:\Liang\Pcode\Face Recognition System\identities\109038,,,,15,skipped,already_exists_in_gallery
109039,D:\Liang\Pcode\Face Recognition System\identities\109039,,,,15,skipped,already_exists_in_gallery
109040,D:\Liang\Pcode\Face Recognition System\identities\109040,,,,15,skipped,already_exists_in_gallery
109041,D:\Liang\Pcode\Face Recognition System\identities\109041,,,,15,skipped,already_exists_in_gallery
110001,D:\Liang\Pcode\Face Recognition System\identities\110001,,,,15,skipped,already_exists_in_gallery
110002,D:\Liang\Pcode\Face Recognition System\identities\110002,,,,15,skipped,already_exists_in_gallery
110004,D:\Liang\Pcode\Face Recognition System\identities\110004,,,,15,skipped,already_exists_in_gallery
110012,D:\Liang\Pcode\Face Recognition System\identities\110012,,,,15,skipped,already_exists_in_gallery
110014,D:\Liang\Pcode\Face Recognition System\identities\110014,,,,15,skipped,already_exists_in_gallery
110020,D:\Liang\Pcode\Face Recognition System\identities\110020,,,,15,skipped,already_exists_in_gallery
110024,D:\Liang\Pcode\Face Recognition System\identities\110024,,,,15,skipped,already_exists_in_gallery
110026,D:\Liang\Pcode\Face Recognition System\identities\110026,,,,15,skipped,already_exists_in_gallery
110030,D:\Liang\Pcode\Face Recognition System\identities\110030,,,,15,skipped,already_exists_in_gallery
110033,D:\Liang\Pcode\Face Recognition System\identities\110033,,,,15,skipped,already_exists_in_gallery
110034,D:\Liang\Pcode\Face Recognition System\identities\110034,,,,15,skipped,already_exists_in_gallery
110035,D:\Liang\Pcode\Face Recognition System\identities\110035,,,,15,skipped,already_exists_in_gallery
110036,D:\Liang\Pcode\Face Recognition System\identities\110036,,,,15,skipped,already_exists_in_gallery
110038,D:\Liang\Pcode\Face Recognition System\identities\110038,,,,15,skipped,already_exists_in_gallery
110040,D:\Liang\Pcode\Face Recognition System\identities\110040,,,,15,skipped,already_exists_in_gallery
110043,D:\Liang\Pcode\Face Recognition System\identities\110043,,,,15,skipped,already_exists_in_gallery
110044,D:\Liang\Pcode\Face Recognition System\identities\110044,,,,15,skipped,already_exists_in_gallery
110047,D:\Liang\Pcode\Face Recognition System\identities\110047,,,,15,skipped,already_exists_in_gallery
110048,D:\Liang\Pcode\Face Recognition System\identities\110048,,,,15,skipped,already_exists_in_gallery
110049,D:\Liang\Pcode\Face Recognition System\identities\110049,,,,15,skipped,already_exists_in_gallery
110050,D:\Liang\Pcode\Face Recognition System\identities\110050,,,,15,skipped,already_exists_in_gallery
110051,D:\Liang\Pcode\Face Recognition System\identities\110051,,,,15,skipped,already_exists_in_gallery
110052,D:\Liang\Pcode\Face Recognition System\identities\110052,,,,15,skipped,already_exists_in_gallery
110054,D:\Liang\Pcode\Face Recognition System\identities\110054,,,,15,skipped,already_exists_in_gallery
110055,D:\Liang\Pcode\Face Recognition System\identities\110055,,,,15,skipped,already_exists_in_gallery
110056,D:\Liang\Pcode\Face Recognition System\identities\110056,,,,15,skipped,already_exists_in_gallery
110057,D:\Liang\Pcode\Face Recognition System\identities\110057,,,,15,skipped,already_exists_in_gallery
110058,D:\Liang\Pcode\Face Recognition System\identities\110058,,,,15,skipped,already_exists_in_gallery
110059,D:\Liang\Pcode\Face Recognition System\identities\110059,,,,15,skipped,already_exists_in_gallery
110060,D:\Liang\Pcode\Face Recognition System\identities\110060,,,,15,skipped,already_exists_in_gallery
110061,D:\Liang\Pcode\Face Recognition System\identities\110061,,,,15,skipped,already_exists_in_gallery
110063,D:\Liang\Pcode\Face Recognition System\identities\110063,,,,15,skipped,already_exists_in_gallery
110064,D:\Liang\Pcode\Face Recognition System\identities\110064,,,,15,skipped,already_exists_in_gallery
110066,D:\Liang\Pcode\Face Recognition System\identities\110066,,,,15,skipped,already_exists_in_gallery
110067,D:\Liang\Pcode\Face Recognition System\identities\110067,,,,15,skipped,already_exists_in_gallery
110068,D:\Liang\Pcode\Face Recognition System\identities\110068,,,,15,skipped,already_exists_in_gallery
110069,D:\Liang\Pcode\Face Recognition System\identities\110069,,,,15,skipped,already_exists_in_gallery
110070,D:\Liang\Pcode\Face Recognition System\identities\110070,,,,15,skipped,already_exists_in_gallery
110071,D:\Liang\Pcode\Face Recognition System\identities\110071,,,,15,skipped,already_exists_in_gallery
110072,D:\Liang\Pcode\Face Recognition System\identities\110072,,,,15,skipped,already_exists_in_gallery
110073,D:\Liang\Pcode\Face Recognition System\identities\110073,,,,15,skipped,already_exists_in_gallery
110074,D:\Liang\Pcode\Face Recognition System\identities\110074,,,,15,skipped,already_exists_in_gallery
110075,D:\Liang\Pcode\Face Recognition System\identities\110075,,,,15,skipped,already_exists_in_gallery
110076,D:\Liang\Pcode\Face Recognition System\identities\110076,,,,15,skipped,already_exists_in_gallery
110077,D:\Liang\Pcode\Face Recognition System\identities\110077,,,,15,skipped,already_exists_in_gallery
110078,D:\Liang\Pcode\Face Recognition System\identities\110078,,,,15,skipped,already_exists_in_gallery
110079,D:\Liang\Pcode\Face Recognition System\identities\110079,,,,15,skipped,already_exists_in_gallery
110080,D:\Liang\Pcode\Face Recognition System\identities\110080,,,,15,skipped,already_exists_in_gallery
110081,D:\Liang\Pcode\Face Recognition System\identities\110081,,,,15,skipped,already_exists_in_gallery
110082,D:\Liang\Pcode\Face Recognition System\identities\110082,,,,15,skipped,already_exists_in_gallery
110083,D:\Liang\Pcode\Face Recognition System\identities\110083,,,,15,skipped,already_exists_in_gallery
110084,D:\Liang\Pcode\Face Recognition System\identities\110084,,,,15,skipped,already_exists_in_gallery
110085,D:\Liang\Pcode\Face Recognition System\identities\110085,,,,15,skipped,already_exists_in_gallery
110086,D:\Liang\Pcode\Face Recognition System\identities\110086,,,,15,skipped,already_exists_in_gallery
110087,D:\Liang\Pcode\Face Recognition System\identities\110087,,,,15,skipped,already_exists_in_gallery
111011,D:\Liang\Pcode\Face Recognition System\identities\111011,,,,15,skipped,already_exists_in_gallery
111013,D:\Liang\Pcode\Face Recognition System\identities\111013,,,,15,skipped,already_exists_in_gallery
111014,D:\Liang\Pcode\Face Recognition System\identities\111014,,,,15,skipped,already_exists_in_gallery
111016,D:\Liang\Pcode\Face Recognition System\identities\111016,,,,15,skipped,already_exists_in_gallery
111017,D:\Liang\Pcode\Face Recognition System\identities\111017,,,,15,skipped,already_exists_in_gallery
111018,D:\Liang\Pcode\Face Recognition System\identities\111018,,,,15,skipped,already_exists_in_gallery
111019,D:\Liang\Pcode\Face Recognition System\identities\111019,,,,15,skipped,already_exists_in_gallery
111020,D:\Liang\Pcode\Face Recognition System\identities\111020,,,,15,skipped,already_exists_in_gallery
111021,D:\Liang\Pcode\Face Recognition System\identities\111021,,,,15,skipped,already_exists_in_gallery
111022,D:\Liang\Pcode\Face Recognition System\identities\111022,,,,15,skipped,already_exists_in_gallery
111023,D:\Liang\Pcode\Face Recognition System\identities\111023,,,,15,skipped,already_exists_in_gallery
111027,D:\Liang\Pcode\Face Recognition System\identities\111027,,,,15,skipped,already_exists_in_gallery
111028,D:\Liang\Pcode\Face Recognition System\identities\111028,,,,15,skipped,already_exists_in_gallery
111029,D:\Liang\Pcode\Face Recognition System\identities\111029,,,,15,skipped,already_exists_in_gallery
111030,D:\Liang\Pcode\Face Recognition System\identities\111030,,,,15,skipped,already_exists_in_gallery
111031,D:\Liang\Pcode\Face Recognition System\identities\111031,,,,15,skipped,already_exists_in_gallery
111032,D:\Liang\Pcode\Face Recognition System\identities\111032,,,,15,skipped,already_exists_in_gallery
111033,D:\Liang\Pcode\Face Recognition System\identities\111033,,,,15,skipped,already_exists_in_gallery
111034,D:\Liang\Pcode\Face Recognition System\identities\111034,,,,15,skipped,already_exists_in_gallery
111035,D:\Liang\Pcode\Face Recognition System\identities\111035,,,,15,skipped,already_exists_in_gallery
111036,D:\Liang\Pcode\Face Recognition System\identities\111036,,,,15,skipped,already_exists_in_gallery
112005,D:\Liang\Pcode\Face Recognition System\identities\112005,,,,15,skipped,already_exists_in_gallery
112006,D:\Liang\Pcode\Face Recognition System\identities\112006,,,,15,skipped,already_exists_in_gallery
112007,D:\Liang\Pcode\Face Recognition System\identities\112007,,,,15,skipped,already_exists_in_gallery
112008,D:\Liang\Pcode\Face Recognition System\identities\112008,,,,15,skipped,already_exists_in_gallery
112010,D:\Liang\Pcode\Face Recognition System\identities\112010,,,,15,skipped,already_exists_in_gallery
112014,D:\Liang\Pcode\Face Recognition System\identities\112014,,,,15,skipped,already_exists_in_gallery
112020,D:\Liang\Pcode\Face Recognition System\identities\112020,,,,15,skipped,already_exists_in_gallery
112023,D:\Liang\Pcode\Face Recognition System\identities\112023,,,,15,skipped,already_exists_in_gallery
112026,D:\Liang\Pcode\Face Recognition System\identities\112026,,,,15,skipped,already_exists_in_gallery
112027,D:\Liang\Pcode\Face Recognition System\identities\112027,,,,15,skipped,already_exists_in_gallery
112029,D:\Liang\Pcode\Face Recognition System\identities\112029,,,,15,skipped,already_exists_in_gallery
112032,D:\Liang\Pcode\Face Recognition System\identities\112032,,,,15,skipped,already_exists_in_gallery
112033,D:\Liang\Pcode\Face Recognition System\identities\112033,,,,15,skipped,already_exists_in_gallery
112034,D:\Liang\Pcode\Face Recognition System\identities\112034,,,,15,skipped,already_exists_in_gallery
112035,D:\Liang\Pcode\Face Recognition System\identities\112035,,,,15,skipped,already_exists_in_gallery
113007,D:\Liang\Pcode\Face Recognition System\identities\113007,,,,15,skipped,already_exists_in_gallery
113017,D:\Liang\Pcode\Face Recognition System\identities\113017,,,,15,skipped,already_exists_in_gallery
113018,D:\Liang\Pcode\Face Recognition System\identities\113018,,,,15,skipped,already_exists_in_gallery
113019,D:\Liang\Pcode\Face Recognition System\identities\113019,,,,15,skipped,already_exists_in_gallery
113022,D:\Liang\Pcode\Face Recognition System\identities\113022,,,,15,skipped,already_exists_in_gallery
113023,D:\Liang\Pcode\Face Recognition System\identities\113023,,,,15,skipped,already_exists_in_gallery
114004,D:\Liang\Pcode\Face Recognition System\identities\114004,,,,15,skipped,already_exists_in_gallery
114005,D:\Liang\Pcode\Face Recognition System\identities\114005,,,,15,skipped,already_exists_in_gallery
114007,D:\Liang\Pcode\Face Recognition System\identities\114007,,,,15,skipped,already_exists_in_gallery
114008,D:\Liang\Pcode\Face Recognition System\identities\114008,,,,15,skipped,already_exists_in_gallery
114010,D:\Liang\Pcode\Face Recognition System\identities\114010,,,,15,skipped,already_exists_in_gallery
114011,D:\Liang\Pcode\Face Recognition System\identities\114011,,,,15,skipped,already_exists_in_gallery
114013,D:\Liang\Pcode\Face Recognition System\identities\114013,,,,15,skipped,already_exists_in_gallery
114014,D:\Liang\Pcode\Face Recognition System\identities\114014,,,,15,skipped,already_exists_in_gallery
114016,D:\Liang\Pcode\Face Recognition System\identities\114016,,,,15,skipped,already_exists_in_gallery
114017,D:\Liang\Pcode\Face Recognition System\identities\114017,,,,15,skipped,already_exists_in_gallery
114018,D:\Liang\Pcode\Face Recognition System\identities\114018,,,,15,skipped,already_exists_in_gallery
114025,D:\Liang\Pcode\Face Recognition System\identities\114025,,,,15,skipped,already_exists_in_gallery
114028,D:\Liang\Pcode\Face Recognition System\identities\114028,,,,15,skipped,already_exists_in_gallery
114029,D:\Liang\Pcode\Face Recognition System\identities\114029,,,,15,skipped,already_exists_in_gallery
114032,D:\Liang\Pcode\Face Recognition System\identities\114032,,,,15,skipped,already_exists_in_gallery
114034,D:\Liang\Pcode\Face Recognition System\identities\114034,,,,15,skipped,already_exists_in_gallery
114035,D:\Liang\Pcode\Face Recognition System\identities\114035,,,,15,skipped,already_exists_in_gallery
114036,D:\Liang\Pcode\Face Recognition System\identities\114036,,,,15,skipped,already_exists_in_gallery
114037,D:\Liang\Pcode\Face Recognition System\identities\114037,,,,15,skipped,already_exists_in_gallery
114039,D:\Liang\Pcode\Face Recognition System\identities\114039,,,,15,skipped,already_exists_in_gallery
114040,D:\Liang\Pcode\Face Recognition System\identities\114040,,,,15,skipped,already_exists_in_gallery
114041,D:\Liang\Pcode\Face Recognition System\identities\114041,,,,15,skipped,already_exists_in_gallery
114043,D:\Liang\Pcode\Face Recognition System\identities\114043,,,,15,skipped,already_exists_in_gallery
114044,D:\Liang\Pcode\Face Recognition System\identities\114044,,,,15,skipped,already_exists_in_gallery
114045,D:\Liang\Pcode\Face Recognition System\identities\114045,,,,15,skipped,already_exists_in_gallery
114046,D:\Liang\Pcode\Face Recognition System\identities\114046,,,,15,skipped,already_exists_in_gallery
114047,D:\Liang\Pcode\Face Recognition System\identities\114047,,,,15,skipped,already_exists_in_gallery
114049,D:\Liang\Pcode\Face Recognition System\identities\114049,,,,15,skipped,already_exists_in_gallery
114050,D:\Liang\Pcode\Face Recognition System\identities\114050,,,,15,skipped,already_exists_in_gallery
114051,D:\Liang\Pcode\Face Recognition System\identities\114051,,,,15,skipped,already_exists_in_gallery
114053,D:\Liang\Pcode\Face Recognition System\identities\114053,,,,15,skipped,already_exists_in_gallery
114054,D:\Liang\Pcode\Face Recognition System\identities\114054,,,,15,skipped,already_exists_in_gallery
114055,D:\Liang\Pcode\Face Recognition System\identities\114055,,,,15,skipped,already_exists_in_gallery
114056,D:\Liang\Pcode\Face Recognition System\identities\114056,,,,15,skipped,already_exists_in_gallery
114057,D:\Liang\Pcode\Face Recognition System\identities\114057,,,,15,skipped,already_exists_in_gallery
114058,D:\Liang\Pcode\Face Recognition System\identities\114058,,,,15,skipped,already_exists_in_gallery
114059,D:\Liang\Pcode\Face Recognition System\identities\114059,,,,15,skipped,already_exists_in_gallery
114060,D:\Liang\Pcode\Face Recognition System\identities\114060,,,,15,skipped,already_exists_in_gallery
114061,D:\Liang\Pcode\Face Recognition System\identities\114061,,,,15,skipped,already_exists_in_gallery
114062,D:\Liang\Pcode\Face Recognition System\identities\114062,,,,15,skipped,already_exists_in_gallery
114063,D:\Liang\Pcode\Face Recognition System\identities\114063,,,,15,skipped,already_exists_in_gallery
114066,D:\Liang\Pcode\Face Recognition System\identities\114066,,,,15,skipped,already_exists_in_gallery
114068,D:\Liang\Pcode\Face Recognition System\identities\114068,,,,15,skipped,already_exists_in_gallery
114069,D:\Liang\Pcode\Face Recognition System\identities\114069,,,,15,skipped,already_exists_in_gallery
114070,D:\Liang\Pcode\Face Recognition System\identities\114070,,,,15,skipped,already_exists_in_gallery
114072,D:\Liang\Pcode\Face Recognition System\identities\114072,,,,15,skipped,already_exists_in_gallery
114073,D:\Liang\Pcode\Face Recognition System\identities\114073,,,,15,skipped,already_exists_in_gallery
114074,D:\Liang\Pcode\Face Recognition System\identities\114074,,,,15,skipped,already_exists_in_gallery
114075,D:\Liang\Pcode\Face Recognition System\identities\114075,,,,15,skipped,already_exists_in_gallery
114076,D:\Liang\Pcode\Face Recognition System\identities\114076,,,,15,skipped,already_exists_in_gallery
114077,D:\Liang\Pcode\Face Recognition System\identities\114077,,,,15,skipped,already_exists_in_gallery
114078,D:\Liang\Pcode\Face Recognition System\identities\114078,,,,15,skipped,already_exists_in_gallery
114079,D:\Liang\Pcode\Face Recognition System\identities\114079,,,,15,skipped,already_exists_in_gallery
114080,D:\Liang\Pcode\Face Recognition System\identities\114080,,,,15,skipped,already_exists_in_gallery
114081,D:\Liang\Pcode\Face Recognition System\identities\114081,,,,15,skipped,already_exists_in_gallery
114082,D:\Liang\Pcode\Face Recognition System\identities\114082,,,,15,skipped,already_exists_in_gallery
114083,D:\Liang\Pcode\Face Recognition System\identities\114083,,,,15,skipped,already_exists_in_gallery
114084,D:\Liang\Pcode\Face Recognition System\identities\114084,,,,15,skipped,already_exists_in_gallery
115007,D:\Liang\Pcode\Face Recognition System\identities\115007,,,,15,skipped,already_exists_in_gallery
115011,D:\Liang\Pcode\Face Recognition System\identities\115011,,,,15,skipped,already_exists_in_gallery
115059,D:\Liang\Pcode\Face Recognition System\identities\115059,,,,15,skipped,already_exists_in_gallery
116010,D:\Liang\Pcode\Face Recognition System\identities\116010,,,,15,skipped,already_exists_in_gallery
116011,D:\Liang\Pcode\Face Recognition System\identities\116011,,,,15,skipped,already_exists_in_gallery
117003,D:\Liang\Pcode\Face Recognition System\identities\117003,,,,15,skipped,already_exists_in_gallery
117005,D:\Liang\Pcode\Face Recognition System\identities\117005,,,,15,skipped,already_exists_in_gallery
117010,D:\Liang\Pcode\Face Recognition System\identities\117010,,,,15,skipped,already_exists_in_gallery
117012,D:\Liang\Pcode\Face Recognition System\identities\117012,,,,15,skipped,already_exists_in_gallery
117013,D:\Liang\Pcode\Face Recognition System\identities\117013,,,,15,skipped,already_exists_in_gallery
117014,D:\Liang\Pcode\Face Recognition System\identities\117014,,,,15,skipped,already_exists_in_gallery
117017,D:\Liang\Pcode\Face Recognition System\identities\117017,,,,15,skipped,already_exists_in_gallery
117019,D:\Liang\Pcode\Face Recognition System\identities\117019,,,,15,skipped,already_exists_in_gallery
117024,D:\Liang\Pcode\Face Recognition System\identities\117024,,,,15,skipped,already_exists_in_gallery
117028,D:\Liang\Pcode\Face Recognition System\identities\117028,,,,15,skipped,already_exists_in_gallery
117029,D:\Liang\Pcode\Face Recognition System\identities\117029,,,,15,skipped,already_exists_in_gallery
117030,D:\Liang\Pcode\Face Recognition System\identities\117030,,,,15,skipped,already_exists_in_gallery
117031,D:\Liang\Pcode\Face Recognition System\identities\117031,,,,15,skipped,already_exists_in_gallery
117033,D:\Liang\Pcode\Face Recognition System\identities\117033,,,,15,skipped,already_exists_in_gallery
117034,D:\Liang\Pcode\Face Recognition System\identities\117034,,,,15,skipped,already_exists_in_gallery
117035,D:\Liang\Pcode\Face Recognition System\identities\117035,,,,15,skipped,already_exists_in_gallery
117037,D:\Liang\Pcode\Face Recognition System\identities\117037,,,,15,skipped,already_exists_in_gallery
117038,D:\Liang\Pcode\Face Recognition System\identities\117038,,,,15,skipped,already_exists_in_gallery
117039,D:\Liang\Pcode\Face Recognition System\identities\117039,,,,15,skipped,already_exists_in_gallery
117041,D:\Liang\Pcode\Face Recognition System\identities\117041,,,,15,skipped,already_exists_in_gallery
117043,D:\Liang\Pcode\Face Recognition System\identities\117043,,,,15,skipped,already_exists_in_gallery
117044,D:\Liang\Pcode\Face Recognition System\identities\117044,,,,15,skipped,already_exists_in_gallery
117045,D:\Liang\Pcode\Face Recognition System\identities\117045,,,,15,skipped,already_exists_in_gallery
117046,D:\Liang\Pcode\Face Recognition System\identities\117046,,,,15,skipped,already_exists_in_gallery
117047,D:\Liang\Pcode\Face Recognition System\identities\117047,,,,15,skipped,already_exists_in_gallery
117048,D:\Liang\Pcode\Face Recognition System\identities\117048,,,,15,skipped,already_exists_in_gallery
117050,D:\Liang\Pcode\Face Recognition System\identities\117050,,,,15,skipped,already_exists_in_gallery
117051,D:\Liang\Pcode\Face Recognition System\identities\117051,,,,15,skipped,already_exists_in_gallery
117052,D:\Liang\Pcode\Face Recognition System\identities\117052,,,,15,skipped,already_exists_in_gallery
117053,D:\Liang\Pcode\Face Recognition System\identities\117053,,,,15,skipped,already_exists_in_gallery
117054,D:\Liang\Pcode\Face Recognition System\identities\117054,,,,15,skipped,already_exists_in_gallery
117055,D:\Liang\Pcode\Face Recognition System\identities\117055,,,,15,skipped,already_exists_in_gallery
117056,D:\Liang\Pcode\Face Recognition System\identities\117056,,,,15,skipped,already_exists_in_gallery
117057,D:\Liang\Pcode\Face Recognition System\identities\117057,,,,15,skipped,already_exists_in_gallery
117058,D:\Liang\Pcode\Face Recognition System\identities\117058,,,,15,skipped,already_exists_in_gallery
117059,D:\Liang\Pcode\Face Recognition System\identities\117059,,,,15,skipped,already_exists_in_gallery
117060,D:\Liang\Pcode\Face Recognition System\identities\117060,,,,15,skipped,already_exists_in_gallery
117061,D:\Liang\Pcode\Face Recognition System\identities\117061,,,,15,skipped,already_exists_in_gallery
117062,D:\Liang\Pcode\Face Recognition System\identities\117062,,,,15,skipped,already_exists_in_gallery
117063,D:\Liang\Pcode\Face Recognition System\identities\117063,,,,15,skipped,already_exists_in_gallery
117064,D:\Liang\Pcode\Face Recognition System\identities\117064,,,,15,skipped,already_exists_in_gallery
118002,D:\Liang\Pcode\Face Recognition System\identities\118002,,,,15,skipped,already_exists_in_gallery
118005,D:\Liang\Pcode\Face Recognition System\identities\118005,,,,15,skipped,already_exists_in_gallery
118007,D:\Liang\Pcode\Face Recognition System\identities\118007,,,,15,skipped,already_exists_in_gallery
118009,D:\Liang\Pcode\Face Recognition System\identities\118009,,,,15,skipped,already_exists_in_gallery
118010,D:\Liang\Pcode\Face Recognition System\identities\118010,,,,15,skipped,already_exists_in_gallery
118011,D:\Liang\Pcode\Face Recognition System\identities\118011,,,,15,skipped,already_exists_in_gallery
119001,D:\Liang\Pcode\Face Recognition System\identities\119001,,,,15,skipped,already_exists_in_gallery
119002,D:\Liang\Pcode\Face Recognition System\identities\119002,,,,15,skipped,already_exists_in_gallery
119005,D:\Liang\Pcode\Face Recognition System\identities\119005,,,,15,skipped,already_exists_in_gallery
119007,D:\Liang\Pcode\Face Recognition System\identities\119007,,,,15,skipped,already_exists_in_gallery
119008,D:\Liang\Pcode\Face Recognition System\identities\119008,,,,15,skipped,already_exists_in_gallery
119009,D:\Liang\Pcode\Face Recognition System\identities\119009,,,,15,skipped,already_exists_in_gallery
119014,D:\Liang\Pcode\Face Recognition System\identities\119014,,,,15,skipped,already_exists_in_gallery
119015,D:\Liang\Pcode\Face Recognition System\identities\119015,,,,15,skipped,already_exists_in_gallery
119018,D:\Liang\Pcode\Face Recognition System\identities\119018,,,,15,skipped,already_exists_in_gallery
119019,D:\Liang\Pcode\Face Recognition System\identities\119019,,,,15,skipped,already_exists_in_gallery
119022,D:\Liang\Pcode\Face Recognition System\identities\119022,,,,15,skipped,already_exists_in_gallery
119023,D:\Liang\Pcode\Face Recognition System\identities\119023,,,,15,skipped,already_exists_in_gallery
119026,D:\Liang\Pcode\Face Recognition System\identities\119026,,,,15,skipped,already_exists_in_gallery
119027,D:\Liang\Pcode\Face Recognition System\identities\119027,,,,15,skipped,already_exists_in_gallery
119028,D:\Liang\Pcode\Face Recognition System\identities\119028,,,,15,skipped,already_exists_in_gallery
119030,D:\Liang\Pcode\Face Recognition System\identities\119030,,,,15,skipped,already_exists_in_gallery
119033,D:\Liang\Pcode\Face Recognition System\identities\119033,,,,15,skipped,already_exists_in_gallery
119035,D:\Liang\Pcode\Face Recognition System\identities\119035,,,,15,skipped,already_exists_in_gallery
119036,D:\Liang\Pcode\Face Recognition System\identities\119036,,,,15,skipped,already_exists_in_gallery
119037,D:\Liang\Pcode\Face Recognition System\identities\119037,,,,15,skipped,already_exists_in_gallery
119038,D:\Liang\Pcode\Face Recognition System\identities\119038,,,,15,skipped,already_exists_in_gallery
119039,D:\Liang\Pcode\Face Recognition System\identities\119039,,,,15,skipped,already_exists_in_gallery
119040,D:\Liang\Pcode\Face Recognition System\identities\119040,,,,15,skipped,already_exists_in_gallery
119041,D:\Liang\Pcode\Face Recognition System\identities\119041,,,,15,skipped,already_exists_in_gallery
119042,D:\Liang\Pcode\Face Recognition System\identities\119042,,,,15,skipped,already_exists_in_gallery
119044,D:\Liang\Pcode\Face Recognition System\identities\119044,,,,15,skipped,already_exists_in_gallery
119045,D:\Liang\Pcode\Face Recognition System\identities\119045,,,,15,skipped,already_exists_in_gallery
119048,D:\Liang\Pcode\Face Recognition System\identities\119048,,,,15,skipped,already_exists_in_gallery
119049,D:\Liang\Pcode\Face Recognition System\identities\119049,,,,15,skipped,already_exists_in_gallery
119050,D:\Liang\Pcode\Face Recognition System\identities\119050,,,,15,skipped,already_exists_in_gallery
119051,D:\Liang\Pcode\Face Recognition System\identities\119051,,,,15,skipped,already_exists_in_gallery
119052,D:\Liang\Pcode\Face Recognition System\identities\119052,,,,15,skipped,already_exists_in_gallery
119053,D:\Liang\Pcode\Face Recognition System\identities\119053,,,,15,skipped,already_exists_in_gallery
119054,D:\Liang\Pcode\Face Recognition System\identities\119054,,,,15,skipped,already_exists_in_gallery
119055,D:\Liang\Pcode\Face Recognition System\identities\119055,,,,15,skipped,already_exists_in_gallery
119056,D:\Liang\Pcode\Face Recognition System\identities\119056,,,,15,skipped,already_exists_in_gallery
119057,D:\Liang\Pcode\Face Recognition System\identities\119057,,,,15,skipped,already_exists_in_gallery
119058,D:\Liang\Pcode\Face Recognition System\identities\119058,,,,15,skipped,already_exists_in_gallery
119059,D:\Liang\Pcode\Face Recognition System\identities\119059,,,,15,skipped,already_exists_in_gallery
119060,D:\Liang\Pcode\Face Recognition System\identities\119060,,,,15,skipped,already_exists_in_gallery
119062,D:\Liang\Pcode\Face Recognition System\identities\119062,,,,15,skipped,already_exists_in_gallery
119063,D:\Liang\Pcode\Face Recognition System\identities\119063,,,,15,skipped,already_exists_in_gallery
119064,D:\Liang\Pcode\Face Recognition System\identities\119064,,,,15,skipped,already_exists_in_gallery
119065,D:\Liang\Pcode\Face Recognition System\identities\119065,,,,15,skipped,already_exists_in_gallery
119066,D:\Liang\Pcode\Face Recognition System\identities\119066,,,,15,skipped,already_exists_in_gallery
119067,D:\Liang\Pcode\Face Recognition System\identities\119067,,,,15,skipped,already_exists_in_gallery
119068,D:\Liang\Pcode\Face Recognition System\identities\119068,,,,15,skipped,already_exists_in_gallery
119069,D:\Liang\Pcode\Face Recognition System\identities\119069,,,,15,skipped,already_exists_in_gallery
119070,D:\Liang\Pcode\Face Recognition System\identities\119070,,,,15,skipped,already_exists_in_gallery
119071,D:\Liang\Pcode\Face Recognition System\identities\119071,,,,15,skipped,already_exists_in_gallery
119072,D:\Liang\Pcode\Face Recognition System\identities\119072,,,,15,skipped,already_exists_in_gallery
119073,D:\Liang\Pcode\Face Recognition System\identities\119073,,,,15,skipped,already_exists_in_gallery
119074,D:\Liang\Pcode\Face Recognition System\identities\119074,,,,15,skipped,already_exists_in_gallery
119075,D:\Liang\Pcode\Face Recognition System\identities\119075,,,,15,skipped,already_exists_in_gallery
119076,D:\Liang\Pcode\Face Recognition System\identities\119076,,,,15,skipped,already_exists_in_gallery
119077,D:\Liang\Pcode\Face Recognition System\identities\119077,,,,15,skipped,already_exists_in_gallery
119078,D:\Liang\Pcode\Face Recognition System\identities\119078,,,,15,skipped,already_exists_in_gallery
119079,D:\Liang\Pcode\Face Recognition System\identities\119079,,,,15,skipped,already_exists_in_gallery
119080,D:\Liang\Pcode\Face Recognition System\identities\119080,,,,15,skipped,already_exists_in_gallery
119081,D:\Liang\Pcode\Face Recognition System\identities\119081,,,,15,skipped,already_exists_in_gallery
120007,D:\Liang\Pcode\Face Recognition System\identities\120007,,,,15,skipped,already_exists_in_gallery
120008,D:\Liang\Pcode\Face Recognition System\identities\120008,,,,15,skipped,already_exists_in_gallery
120011,D:\Liang\Pcode\Face Recognition System\identities\120011,,,,15,skipped,already_exists_in_gallery
120012,D:\Liang\Pcode\Face Recognition System\identities\120012,,,,15,skipped,already_exists_in_gallery
120013,D:\Liang\Pcode\Face Recognition System\identities\120013,,,,15,skipped,already_exists_in_gallery
120014,D:\Liang\Pcode\Face Recognition System\identities\120014,,,,15,skipped,already_exists_in_gallery
120015,D:\Liang\Pcode\Face Recognition System\identities\120015,,,,15,skipped,already_exists_in_gallery
120017,D:\Liang\Pcode\Face Recognition System\identities\120017,,,,15,skipped,already_exists_in_gallery
120019,D:\Liang\Pcode\Face Recognition System\identities\120019,,,,15,skipped,already_exists_in_gallery
120020,D:\Liang\Pcode\Face Recognition System\identities\120020,,,,15,skipped,already_exists_in_gallery
120021,D:\Liang\Pcode\Face Recognition System\identities\120021,,,,15,skipped,already_exists_in_gallery
120022,D:\Liang\Pcode\Face Recognition System\identities\120022,,,,15,skipped,already_exists_in_gallery
120023,D:\Liang\Pcode\Face Recognition System\identities\120023,,,,15,skipped,already_exists_in_gallery
120027,D:\Liang\Pcode\Face Recognition System\identities\120027,,,,15,skipped,already_exists_in_gallery
120028,D:\Liang\Pcode\Face Recognition System\identities\120028,,,,15,skipped,already_exists_in_gallery
120029,D:\Liang\Pcode\Face Recognition System\identities\120029,,,,15,skipped,already_exists_in_gallery
120030,D:\Liang\Pcode\Face Recognition System\identities\120030,,,,15,skipped,already_exists_in_gallery
120031,D:\Liang\Pcode\Face Recognition System\identities\120031,,,,15,skipped,already_exists_in_gallery
120032,D:\Liang\Pcode\Face Recognition System\identities\120032,,,,15,skipped,already_exists_in_gallery
120033,D:\Liang\Pcode\Face Recognition System\identities\120033,,,,15,skipped,already_exists_in_gallery
120035,D:\Liang\Pcode\Face Recognition System\identities\120035,,,,15,skipped,already_exists_in_gallery
120036,D:\Liang\Pcode\Face Recognition System\identities\120036,,,,15,skipped,already_exists_in_gallery
120037,D:\Liang\Pcode\Face Recognition System\identities\120037,,,,15,skipped,already_exists_in_gallery
120038,D:\Liang\Pcode\Face Recognition System\identities\120038,,,,15,skipped,already_exists_in_gallery
120039,D:\Liang\Pcode\Face Recognition System\identities\120039,,,,15,skipped,already_exists_in_gallery
120040,D:\Liang\Pcode\Face Recognition System\identities\120040,,,,15,skipped,already_exists_in_gallery
120041,D:\Liang\Pcode\Face Recognition System\identities\120041,,,,15,skipped,already_exists_in_gallery
120042,D:\Liang\Pcode\Face Recognition System\identities\120042,,,,15,skipped,already_exists_in_gallery
120043,D:\Liang\Pcode\Face Recognition System\identities\120043,,,,15,skipped,already_exists_in_gallery
120044,D:\Liang\Pcode\Face Recognition System\identities\120044,,,,15,skipped,already_exists_in_gallery
120045,D:\Liang\Pcode\Face Recognition System\identities\120045,,,,15,skipped,already_exists_in_gallery
121005,D:\Liang\Pcode\Face Recognition System\identities\121005,,,,15,skipped,already_exists_in_gallery
121006,D:\Liang\Pcode\Face Recognition System\identities\121006,,,,15,skipped,already_exists_in_gallery
121008,D:\Liang\Pcode\Face Recognition System\identities\121008,,,,15,skipped,already_exists_in_gallery
121010,D:\Liang\Pcode\Face Recognition System\identities\121010,,,,15,skipped,already_exists_in_gallery
121011,D:\Liang\Pcode\Face Recognition System\identities\121011,,,,15,skipped,already_exists_in_gallery
121012,D:\Liang\Pcode\Face Recognition System\identities\121012,,,,15,skipped,already_exists_in_gallery
121015,D:\Liang\Pcode\Face Recognition System\identities\121015,,,,15,skipped,already_exists_in_gallery
121016,D:\Liang\Pcode\Face Recognition System\identities\121016,,,,15,skipped,already_exists_in_gallery
121017,D:\Liang\Pcode\Face Recognition System\identities\121017,,,,15,skipped,already_exists_in_gallery
121018,D:\Liang\Pcode\Face Recognition System\identities\121018,,,,15,skipped,already_exists_in_gallery
121019,D:\Liang\Pcode\Face Recognition System\identities\121019,,,,15,skipped,already_exists_in_gallery
121020,D:\Liang\Pcode\Face Recognition System\identities\121020,,,,15,skipped,already_exists_in_gallery
121021,D:\Liang\Pcode\Face Recognition System\identities\121021,,,,15,skipped,already_exists_in_gallery
121022,D:\Liang\Pcode\Face Recognition System\identities\121022,,,,15,skipped,already_exists_in_gallery
121023,D:\Liang\Pcode\Face Recognition System\identities\121023,,,,15,skipped,already_exists_in_gallery
121024,D:\Liang\Pcode\Face Recognition System\identities\121024,,,,15,skipped,already_exists_in_gallery
121025,D:\Liang\Pcode\Face Recognition System\identities\121025,,,,15,skipped,already_exists_in_gallery
121026,D:\Liang\Pcode\Face Recognition System\identities\121026,,,,15,skipped,already_exists_in_gallery
121027,D:\Liang\Pcode\Face Recognition System\identities\121027,,,,15,skipped,already_exists_in_gallery
121028,D:\Liang\Pcode\Face Recognition System\identities\121028,,,,15,skipped,already_exists_in_gallery
121029,D:\Liang\Pcode\Face Recognition System\identities\121029,,,,15,skipped,already_exists_in_gallery
123001,D:\Liang\Pcode\Face Recognition System\identities\123001,,,,15,skipped,already_exists_in_gallery
123002,D:\Liang\Pcode\Face Recognition System\identities\123002,,,,15,skipped,already_exists_in_gallery
123003,D:\Liang\Pcode\Face Recognition System\identities\123003,,,,15,skipped,already_exists_in_gallery
123004,D:\Liang\Pcode\Face Recognition System\identities\123004,,,,15,skipped,already_exists_in_gallery
124001,D:\Liang\Pcode\Face Recognition System\identities\124001,,,,15,skipped,already_exists_in_gallery
124002,D:\Liang\Pcode\Face Recognition System\identities\124002,,,,15,skipped,already_exists_in_gallery
124003,D:\Liang\Pcode\Face Recognition System\identities\124003,,,,15,skipped,already_exists_in_gallery
201005,D:\Liang\Pcode\Face Recognition System\identities\201005,,,,15,skipped,already_exists_in_gallery
201006,D:\Liang\Pcode\Face Recognition System\identities\201006,,,,15,skipped,already_exists_in_gallery
201007,D:\Liang\Pcode\Face Recognition System\identities\201007,,,,15,skipped,already_exists_in_gallery
201008,D:\Liang\Pcode\Face Recognition System\identities\201008,,,,15,skipped,already_exists_in_gallery
202003,D:\Liang\Pcode\Face Recognition System\identities\202003,,,,15,skipped,already_exists_in_gallery
202007,D:\Liang\Pcode\Face Recognition System\identities\202007,,,,15,skipped,already_exists_in_gallery
2020999998,D:\Liang\Pcode\Face Recognition System\identities\2020999998,,,,15,skipped,already_exists_in_gallery
203002,D:\Liang\Pcode\Face Recognition System\identities\203002,,,,15,skipped,already_exists_in_gallery
203008,D:\Liang\Pcode\Face Recognition System\identities\203008,,,,15,skipped,already_exists_in_gallery
203009,D:\Liang\Pcode\Face Recognition System\identities\203009,,,,15,skipped,already_exists_in_gallery
203010,D:\Liang\Pcode\Face Recognition System\identities\203010,,,,15,skipped,already_exists_in_gallery
203011,D:\Liang\Pcode\Face Recognition System\identities\203011,,,,15,skipped,already_exists_in_gallery
203012,D:\Liang\Pcode\Face Recognition System\identities\203012,,,,15,skipped,already_exists_in_gallery
203013,D:\Liang\Pcode\Face Recognition System\identities\203013,,,,15,skipped,already_exists_in_gallery
204005,D:\Liang\Pcode\Face Recognition System\identities\204005,,,,15,skipped,already_exists_in_gallery
301015,D:\Liang\Pcode\Face Recognition System\identities\301015,,,,15,skipped,already_exists_in_gallery
301016,D:\Liang\Pcode\Face Recognition System\identities\301016,,,,15,skipped,already_exists_in_gallery
301020,D:\Liang\Pcode\Face Recognition System\identities\301020,,,,15,skipped,already_exists_in_gallery
301023,D:\Liang\Pcode\Face Recognition System\identities\301023,,,,15,skipped,already_exists_in_gallery
301024,D:\Liang\Pcode\Face Recognition System\identities\301024,,,,15,skipped,already_exists_in_gallery
301026,D:\Liang\Pcode\Face Recognition System\identities\301026,,,,15,skipped,already_exists_in_gallery
301028,D:\Liang\Pcode\Face Recognition System\identities\301028,,,,15,skipped,already_exists_in_gallery
301029,D:\Liang\Pcode\Face Recognition System\identities\301029,,,,15,skipped,already_exists_in_gallery
301030,D:\Liang\Pcode\Face Recognition System\identities\301030,,,,15,skipped,already_exists_in_gallery
301031,D:\Liang\Pcode\Face Recognition System\identities\301031,,,,15,skipped,already_exists_in_gallery
301035,D:\Liang\Pcode\Face Recognition System\identities\301035,,,,15,skipped,already_exists_in_gallery
301036,D:\Liang\Pcode\Face Recognition System\identities\301036,,,,15,skipped,already_exists_in_gallery
301038,D:\Liang\Pcode\Face Recognition System\identities\301038,,,,15,skipped,already_exists_in_gallery
301040,D:\Liang\Pcode\Face Recognition System\identities\301040,,,,15,skipped,already_exists_in_gallery
301041,D:\Liang\Pcode\Face Recognition System\identities\301041,,,,15,skipped,already_exists_in_gallery
301050,D:\Liang\Pcode\Face Recognition System\identities\301050,,,,15,skipped,already_exists_in_gallery
301051,D:\Liang\Pcode\Face Recognition System\identities\301051,,,,15,skipped,already_exists_in_gallery
301052,D:\Liang\Pcode\Face Recognition System\identities\301052,,,,15,skipped,already_exists_in_gallery
301059,D:\Liang\Pcode\Face Recognition System\identities\301059,,,,15,skipped,already_exists_in_gallery
301062,D:\Liang\Pcode\Face Recognition System\identities\301062,,,,15,skipped,already_exists_in_gallery
301065,D:\Liang\Pcode\Face Recognition System\identities\301065,,,,15,skipped,already_exists_in_gallery
301066,D:\Liang\Pcode\Face Recognition System\identities\301066,,,,15,skipped,already_exists_in_gallery
301067,D:\Liang\Pcode\Face Recognition System\identities\301067,,,,15,skipped,already_exists_in_gallery
301068,D:\Liang\Pcode\Face Recognition System\identities\301068,,,,15,skipped,already_exists_in_gallery
301069,D:\Liang\Pcode\Face Recognition System\identities\301069,,,,15,skipped,already_exists_in_gallery
301070,D:\Liang\Pcode\Face Recognition System\identities\301070,,,,15,skipped,already_exists_in_gallery
301071,D:\Liang\Pcode\Face Recognition System\identities\301071,,,,15,skipped,already_exists_in_gallery
301073,D:\Liang\Pcode\Face Recognition System\identities\301073,,,,15,skipped,already_exists_in_gallery
301074,D:\Liang\Pcode\Face Recognition System\identities\301074,,,,15,skipped,already_exists_in_gallery
301075,D:\Liang\Pcode\Face Recognition System\identities\301075,,,,15,skipped,already_exists_in_gallery
301076,D:\Liang\Pcode\Face Recognition System\identities\301076,,,,15,skipped,already_exists_in_gallery
301077,D:\Liang\Pcode\Face Recognition System\identities\301077,,,,15,skipped,already_exists_in_gallery
302006,D:\Liang\Pcode\Face Recognition System\identities\302006,,,,15,skipped,already_exists_in_gallery
302008,D:\Liang\Pcode\Face Recognition System\identities\302008,,,,15,skipped,already_exists_in_gallery
302012,D:\Liang\Pcode\Face Recognition System\identities\302012,,,,15,skipped,already_exists_in_gallery
302013,D:\Liang\Pcode\Face Recognition System\identities\302013,,,,15,skipped,already_exists_in_gallery
302014,D:\Liang\Pcode\Face Recognition System\identities\302014,,,,15,skipped,already_exists_in_gallery
302015,D:\Liang\Pcode\Face Recognition System\identities\302015,,,,15,skipped,already_exists_in_gallery
302016,D:\Liang\Pcode\Face Recognition System\identities\302016,,,,15,skipped,already_exists_in_gallery
302018,D:\Liang\Pcode\Face Recognition System\identities\302018,,,,15,skipped,already_exists_in_gallery
302019,D:\Liang\Pcode\Face Recognition System\identities\302019,,,,15,skipped,already_exists_in_gallery
302020,D:\Liang\Pcode\Face Recognition System\identities\302020,,,,15,skipped,already_exists_in_gallery
302021,D:\Liang\Pcode\Face Recognition System\identities\302021,,,,15,skipped,already_exists_in_gallery
302024,D:\Liang\Pcode\Face Recognition System\identities\302024,,,,15,skipped,already_exists_in_gallery
302026,D:\Liang\Pcode\Face Recognition System\identities\302026,,,,15,skipped,already_exists_in_gallery
302027,D:\Liang\Pcode\Face Recognition System\identities\302027,,,,15,skipped,already_exists_in_gallery
302028,D:\Liang\Pcode\Face Recognition System\identities\302028,,,,15,skipped,already_exists_in_gallery
302030,D:\Liang\Pcode\Face Recognition System\identities\302030,,,,15,skipped,already_exists_in_gallery
302031,D:\Liang\Pcode\Face Recognition System\identities\302031,,,,15,skipped,already_exists_in_gallery
302032,D:\Liang\Pcode\Face Recognition System\identities\302032,,,,15,skipped,already_exists_in_gallery
302033,D:\Liang\Pcode\Face Recognition System\identities\302033,,,,15,skipped,already_exists_in_gallery
302034,D:\Liang\Pcode\Face Recognition System\identities\302034,,,,15,skipped,already_exists_in_gallery
302035,D:\Liang\Pcode\Face Recognition System\identities\302035,,,,15,skipped,already_exists_in_gallery
302036,D:\Liang\Pcode\Face Recognition System\identities\302036,,,,15,skipped,already_exists_in_gallery
302037,D:\Liang\Pcode\Face Recognition System\identities\302037,,,,15,skipped,already_exists_in_gallery
302038,D:\Liang\Pcode\Face Recognition System\identities\302038,,,,15,skipped,already_exists_in_gallery
302039,D:\Liang\Pcode\Face Recognition System\identities\302039,,,,15,skipped,already_exists_in_gallery
302040,D:\Liang\Pcode\Face Recognition System\identities\302040,,,,15,skipped,already_exists_in_gallery
401013,D:\Liang\Pcode\Face Recognition System\identities\401013,,,,15,skipped,already_exists_in_gallery
401014,D:\Liang\Pcode\Face Recognition System\identities\401014,,,,15,skipped,already_exists_in_gallery
401015,D:\Liang\Pcode\Face Recognition System\identities\401015,,,,15,skipped,already_exists_in_gallery
401018,D:\Liang\Pcode\Face Recognition System\identities\401018,,,,15,skipped,already_exists_in_gallery
401020,D:\Liang\Pcode\Face Recognition System\identities\401020,,,,15,skipped,already_exists_in_gallery
401022,D:\Liang\Pcode\Face Recognition System\identities\401022,,,,15,skipped,already_exists_in_gallery
401025,D:\Liang\Pcode\Face Recognition System\identities\401025,,,,15,skipped,already_exists_in_gallery
401029,D:\Liang\Pcode\Face Recognition System\identities\401029,,,,15,skipped,already_exists_in_gallery
401031,D:\Liang\Pcode\Face Recognition System\identities\401031,,,,15,skipped,already_exists_in_gallery
401032,D:\Liang\Pcode\Face Recognition System\identities\401032,,,,15,skipped,already_exists_in_gallery
401033,D:\Liang\Pcode\Face Recognition System\identities\401033,,,,15,skipped,already_exists_in_gallery
401034,D:\Liang\Pcode\Face Recognition System\identities\401034,,,,15,skipped,already_exists_in_gallery
401035,D:\Liang\Pcode\Face Recognition System\identities\401035,,,,15,skipped,already_exists_in_gallery
401065,D:\Liang\Pcode\Face Recognition System\identities\401065,,,,15,skipped,already_exists_in_gallery
401067,D:\Liang\Pcode\Face Recognition System\identities\401067,,,,15,skipped,already_exists_in_gallery
401101,D:\Liang\Pcode\Face Recognition System\identities\401101,,,,15,skipped,already_exists_in_gallery
401121,D:\Liang\Pcode\Face Recognition System\identities\401121,,,,15,skipped,already_exists_in_gallery
401122,D:\Liang\Pcode\Face Recognition System\identities\401122,,,,15,skipped,already_exists_in_gallery
401125,D:\Liang\Pcode\Face Recognition System\identities\401125,,,,15,skipped,already_exists_in_gallery
401126,D:\Liang\Pcode\Face Recognition System\identities\401126,,,,15,skipped,already_exists_in_gallery
401127,D:\Liang\Pcode\Face Recognition System\identities\401127,,,,15,skipped,already_exists_in_gallery
401128,D:\Liang\Pcode\Face Recognition System\identities\401128,,,,15,skipped,already_exists_in_gallery
401158,D:\Liang\Pcode\Face Recognition System\identities\401158,,,,15,skipped,already_exists_in_gallery
402013,D:\Liang\Pcode\Face Recognition System\identities\402013,,,,15,skipped,already_exists_in_gallery
402022,D:\Liang\Pcode\Face Recognition System\identities\402022,,,,15,skipped,already_exists_in_gallery
402045,D:\Liang\Pcode\Face Recognition System\identities\402045,,,,15,skipped,already_exists_in_gallery
402048,D:\Liang\Pcode\Face Recognition System\identities\402048,,,,15,skipped,already_exists_in_gallery
402049,D:\Liang\Pcode\Face Recognition System\identities\402049,,,,15,skipped,already_exists_in_gallery
402052,D:\Liang\Pcode\Face Recognition System\identities\402052,,,,15,skipped,already_exists_in_gallery
402055,D:\Liang\Pcode\Face Recognition System\identities\402055,,,,15,skipped,already_exists_in_gallery
402056,D:\Liang\Pcode\Face Recognition System\identities\402056,,,,15,skipped,already_exists_in_gallery
402061,D:\Liang\Pcode\Face Recognition System\identities\402061,,,,15,skipped,already_exists_in_gallery
402064,D:\Liang\Pcode\Face Recognition System\identities\402064,,,,15,skipped,already_exists_in_gallery
402065,D:\Liang\Pcode\Face Recognition System\identities\402065,,,,15,skipped,already_exists_in_gallery
402066,D:\Liang\Pcode\Face Recognition System\identities\402066,,,,15,skipped,already_exists_in_gallery
402067,D:\Liang\Pcode\Face Recognition System\identities\402067,,,,15,skipped,already_exists_in_gallery
402088,D:\Liang\Pcode\Face Recognition System\identities\402088,,,,15,skipped,already_exists_in_gallery
403005,D:\Liang\Pcode\Face Recognition System\identities\403005,,,,15,skipped,already_exists_in_gallery
403007,D:\Liang\Pcode\Face Recognition System\identities\403007,,,,15,skipped,already_exists_in_gallery
403009,D:\Liang\Pcode\Face Recognition System\identities\403009,,,,15,skipped,already_exists_in_gallery
403010,D:\Liang\Pcode\Face Recognition System\identities\403010,,,,15,skipped,already_exists_in_gallery
403017,D:\Liang\Pcode\Face Recognition System\identities\403017,,,,15,skipped,already_exists_in_gallery
403019,D:\Liang\Pcode\Face Recognition System\identities\403019,,,,15,skipped,already_exists_in_gallery
403020,D:\Liang\Pcode\Face Recognition System\identities\403020,,,,15,skipped,already_exists_in_gallery
403021,D:\Liang\Pcode\Face Recognition System\identities\403021,,,,15,skipped,already_exists_in_gallery
403022,D:\Liang\Pcode\Face Recognition System\identities\403022,,,,15,skipped,already_exists_in_gallery
403023,D:\Liang\Pcode\Face Recognition System\identities\403023,,,,15,skipped,already_exists_in_gallery
403024,D:\Liang\Pcode\Face Recognition System\identities\403024,,,,15,skipped,already_exists_in_gallery
406002,D:\Liang\Pcode\Face Recognition System\identities\406002,,,,15,skipped,already_exists_in_gallery
406013,D:\Liang\Pcode\Face Recognition System\identities\406013,,,,15,skipped,already_exists_in_gallery
409004,D:\Liang\Pcode\Face Recognition System\identities\409004,,,,15,skipped,already_exists_in_gallery
409005,D:\Liang\Pcode\Face Recognition System\identities\409005,,,,15,skipped,already_exists_in_gallery
409007,D:\Liang\Pcode\Face Recognition System\identities\409007,,,,15,skipped,already_exists_in_gallery
409008,D:\Liang\Pcode\Face Recognition System\identities\409008,,,,15,skipped,already_exists_in_gallery
409009,D:\Liang\Pcode\Face Recognition System\identities\409009,,,,15,skipped,already_exists_in_gallery
410001,D:\Liang\Pcode\Face Recognition System\identities\410001,,,,15,skipped,already_exists_in_gallery
410002,D:\Liang\Pcode\Face Recognition System\identities\410002,,,,15,skipped,already_exists_in_gallery
410006,D:\Liang\Pcode\Face Recognition System\identities\410006,,,,15,skipped,already_exists_in_gallery
410007,D:\Liang\Pcode\Face Recognition System\identities\410007,,,,15,skipped,already_exists_in_gallery
410008,D:\Liang\Pcode\Face Recognition System\identities\410008,,,,15,skipped,already_exists_in_gallery
410009,D:\Liang\Pcode\Face Recognition System\identities\410009,,,,15,skipped,already_exists_in_gallery
410010,D:\Liang\Pcode\Face Recognition System\identities\410010,,,,15,skipped,already_exists_in_gallery
410011,D:\Liang\Pcode\Face Recognition System\identities\410011,,,,15,skipped,already_exists_in_gallery
410013,D:\Liang\Pcode\Face Recognition System\identities\410013,,,,15,skipped,already_exists_in_gallery
410014,D:\Liang\Pcode\Face Recognition System\identities\410014,,,,15,skipped,already_exists_in_gallery
410015,D:\Liang\Pcode\Face Recognition System\identities\410015,,,,15,skipped,already_exists_in_gallery
410016,D:\Liang\Pcode\Face Recognition System\identities\410016,,,,15,skipped,already_exists_in_gallery
410017,D:\Liang\Pcode\Face Recognition System\identities\410017,,,,15,skipped,already_exists_in_gallery
410018,D:\Liang\Pcode\Face Recognition System\identities\410018,,,,15,skipped,already_exists_in_gallery
410019,D:\Liang\Pcode\Face Recognition System\identities\410019,,,,15,skipped,already_exists_in_gallery
410020,D:\Liang\Pcode\Face Recognition System\identities\410020,,,,15,skipped,already_exists_in_gallery
410021,D:\Liang\Pcode\Face Recognition System\identities\410021,,,,15,skipped,already_exists_in_gallery
410022,D:\Liang\Pcode\Face Recognition System\identities\410022,,,,15,skipped,already_exists_in_gallery
410023,D:\Liang\Pcode\Face Recognition System\identities\410023,,,,15,skipped,already_exists_in_gallery
410024,D:\Liang\Pcode\Face Recognition System\identities\410024,,,,15,skipped,already_exists_in_gallery
410025,D:\Liang\Pcode\Face Recognition System\identities\410025,,,,15,skipped,already_exists_in_gallery
410026,D:\Liang\Pcode\Face Recognition System\identities\410026,,,,15,skipped,already_exists_in_gallery
410027,D:\Liang\Pcode\Face Recognition System\identities\410027,,,,15,skipped,already_exists_in_gallery
410028,D:\Liang\Pcode\Face Recognition System\identities\410028,,,,15,skipped,already_exists_in_gallery
410029,D:\Liang\Pcode\Face Recognition System\identities\410029,,,,15,skipped,already_exists_in_gallery
410030,D:\Liang\Pcode\Face Recognition System\identities\410030,,,,15,skipped,already_exists_in_gallery
410031,D:\Liang\Pcode\Face Recognition System\identities\410031,,,,15,skipped,already_exists_in_gallery
410032,D:\Liang\Pcode\Face Recognition System\identities\410032,,,,15,skipped,already_exists_in_gallery
410033,D:\Liang\Pcode\Face Recognition System\identities\410033,,,,15,skipped,already_exists_in_gallery
410034,D:\Liang\Pcode\Face Recognition System\identities\410034,,,,15,skipped,already_exists_in_gallery
410035,D:\Liang\Pcode\Face Recognition System\identities\410035,,,,15,skipped,already_exists_in_gallery
410036,D:\Liang\Pcode\Face Recognition System\identities\410036,,,,15,skipped,already_exists_in_gallery
410037,D:\Liang\Pcode\Face Recognition System\identities\410037,,,,15,skipped,already_exists_in_gallery
410038,D:\Liang\Pcode\Face Recognition System\identities\410038,,,,15,skipped,already_exists_in_gallery
410039,D:\Liang\Pcode\Face Recognition System\identities\410039,,,,15,skipped,already_exists_in_gallery
410041,D:\Liang\Pcode\Face Recognition System\identities\410041,,,,15,skipped,already_exists_in_gallery
410042,D:\Liang\Pcode\Face Recognition System\identities\410042,,,,15,skipped,already_exists_in_gallery
410043,D:\Liang\Pcode\Face Recognition System\identities\410043,,,,15,skipped,already_exists_in_gallery
410045,D:\Liang\Pcode\Face Recognition System\identities\410045,,,,15,skipped,already_exists_in_gallery
410046,D:\Liang\Pcode\Face Recognition System\identities\410046,,,,15,skipped,already_exists_in_gallery
410047,D:\Liang\Pcode\Face Recognition System\identities\410047,,,,15,skipped,already_exists_in_gallery
410048,D:\Liang\Pcode\Face Recognition System\identities\410048,,,,15,skipped,already_exists_in_gallery
410049,D:\Liang\Pcode\Face Recognition System\identities\410049,,,,15,skipped,already_exists_in_gallery
410050,D:\Liang\Pcode\Face Recognition System\identities\410050,,,,15,skipped,already_exists_in_gallery
410051,D:\Liang\Pcode\Face Recognition System\identities\410051,,,,15,skipped,already_exists_in_gallery
410052,D:\Liang\Pcode\Face Recognition System\identities\410052,,,,15,skipped,already_exists_in_gallery
410053,D:\Liang\Pcode\Face Recognition System\identities\410053,,,,15,skipped,already_exists_in_gallery
410054,D:\Liang\Pcode\Face Recognition System\identities\410054,,,,15,skipped,already_exists_in_gallery
410056,D:\Liang\Pcode\Face Recognition System\identities\410056,,,,15,skipped,already_exists_in_gallery
410057,D:\Liang\Pcode\Face Recognition System\identities\410057,,,,15,skipped,already_exists_in_gallery
410058,D:\Liang\Pcode\Face Recognition System\identities\410058,,,,15,skipped,already_exists_in_gallery
410085,D:\Liang\Pcode\Face Recognition System\identities\410085,,,,15,skipped,already_exists_in_gallery
411002,D:\Liang\Pcode\Face Recognition System\identities\411002,,,,15,skipped,already_exists_in_gallery
411003,D:\Liang\Pcode\Face Recognition System\identities\411003,,,,15,skipped,already_exists_in_gallery
411004,D:\Liang\Pcode\Face Recognition System\identities\411004,,,,15,skipped,already_exists_in_gallery
412007,D:\Liang\Pcode\Face Recognition System\identities\412007,,,,15,skipped,already_exists_in_gallery
412008,D:\Liang\Pcode\Face Recognition System\identities\412008,,,,15,skipped,already_exists_in_gallery
413009,D:\Liang\Pcode\Face Recognition System\identities\413009,,,,15,skipped,already_exists_in_gallery
413010,D:\Liang\Pcode\Face Recognition System\identities\413010,,,,15,skipped,already_exists_in_gallery
413011,D:\Liang\Pcode\Face Recognition System\identities\413011,,,,15,skipped,already_exists_in_gallery
415011,D:\Liang\Pcode\Face Recognition System\identities\415011,,,,15,skipped,already_exists_in_gallery
415012,D:\Liang\Pcode\Face Recognition System\identities\415012,,,,15,skipped,already_exists_in_gallery
415015,D:\Liang\Pcode\Face Recognition System\identities\415015,,,,15,skipped,already_exists_in_gallery
415017,D:\Liang\Pcode\Face Recognition System\identities\415017,,,,15,skipped,already_exists_in_gallery
415018,D:\Liang\Pcode\Face Recognition System\identities\415018,,,,15,skipped,already_exists_in_gallery
415019,D:\Liang\Pcode\Face Recognition System\identities\415019,,,,15,skipped,already_exists_in_gallery
415020,D:\Liang\Pcode\Face Recognition System\identities\415020,,,,15,skipped,already_exists_in_gallery
415022,D:\Liang\Pcode\Face Recognition System\identities\415022,,,,15,skipped,already_exists_in_gallery
415023,D:\Liang\Pcode\Face Recognition System\identities\415023,,,,15,skipped,already_exists_in_gallery
415024,D:\Liang\Pcode\Face Recognition System\identities\415024,,,,15,skipped,already_exists_in_gallery
415025,D:\Liang\Pcode\Face Recognition System\identities\415025,,,,15,skipped,already_exists_in_gallery
415026,D:\Liang\Pcode\Face Recognition System\identities\415026,,,,15,skipped,already_exists_in_gallery
415027,D:\Liang\Pcode\Face Recognition System\identities\415027,,,,15,skipped,already_exists_in_gallery
415028,D:\Liang\Pcode\Face Recognition System\identities\415028,,,,15,skipped,already_exists_in_gallery
415030,D:\Liang\Pcode\Face Recognition System\identities\415030,,,,15,skipped,already_exists_in_gallery
415031,D:\Liang\Pcode\Face Recognition System\identities\415031,,,,15,skipped,already_exists_in_gallery
415032,D:\Liang\Pcode\Face Recognition System\identities\415032,,,,15,skipped,already_exists_in_gallery
415033,D:\Liang\Pcode\Face Recognition System\identities\415033,,,,15,skipped,already_exists_in_gallery
415034,D:\Liang\Pcode\Face Recognition System\identities\415034,,,,15,skipped,already_exists_in_gallery
415035,D:\Liang\Pcode\Face Recognition System\identities\415035,,,,15,skipped,already_exists_in_gallery
415036,D:\Liang\Pcode\Face Recognition System\identities\415036,,,,15,skipped,already_exists_in_gallery
415037,D:\Liang\Pcode\Face Recognition System\identities\415037,,,,15,skipped,already_exists_in_gallery
415038,D:\Liang\Pcode\Face Recognition System\identities\415038,,,,15,skipped,already_exists_in_gallery
415039,D:\Liang\Pcode\Face Recognition System\identities\415039,,,,15,skipped,already_exists_in_gallery
415040,D:\Liang\Pcode\Face Recognition System\identities\415040,,,,15,skipped,already_exists_in_gallery
415041,D:\Liang\Pcode\Face Recognition System\identities\415041,,,,15,skipped,already_exists_in_gallery
415042,D:\Liang\Pcode\Face Recognition System\identities\415042,,,,15,skipped,already_exists_in_gallery
415043,D:\Liang\Pcode\Face Recognition System\identities\415043,,,,15,skipped,already_exists_in_gallery
415044,D:\Liang\Pcode\Face Recognition System\identities\415044,,,,15,skipped,already_exists_in_gallery
415045,D:\Liang\Pcode\Face Recognition System\identities\415045,,,,15,skipped,already_exists_in_gallery
415046,D:\Liang\Pcode\Face Recognition System\identities\415046,,,,15,skipped,already_exists_in_gallery
415047,D:\Liang\Pcode\Face Recognition System\identities\415047,,,,15,skipped,already_exists_in_gallery
415048,D:\Liang\Pcode\Face Recognition System\identities\415048,,,,15,skipped,already_exists_in_gallery
415049,D:\Liang\Pcode\Face Recognition System\identities\415049,,,,15,skipped,already_exists_in_gallery
416001,D:\Liang\Pcode\Face Recognition System\identities\416001,,,,15,skipped,already_exists_in_gallery
416002,D:\Liang\Pcode\Face Recognition System\identities\416002,,,,15,skipped,already_exists_in_gallery
416003,D:\Liang\Pcode\Face Recognition System\identities\416003,,,,15,skipped,already_exists_in_gallery
416004,D:\Liang\Pcode\Face Recognition System\identities\416004,,,,15,skipped,already_exists_in_gallery
416005,D:\Liang\Pcode\Face Recognition System\identities\416005,,,,15,skipped,already_exists_in_gallery
416006,D:\Liang\Pcode\Face Recognition System\identities\416006,,,,15,skipped,already_exists_in_gallery
416007,D:\Liang\Pcode\Face Recognition System\identities\416007,,,,15,skipped,already_exists_in_gallery
416008,D:\Liang\Pcode\Face Recognition System\identities\416008,,,,15,skipped,already_exists_in_gallery
416009,D:\Liang\Pcode\Face Recognition System\identities\416009,,,,15,skipped,already_exists_in_gallery
416010,D:\Liang\Pcode\Face Recognition System\identities\416010,,,,15,skipped,already_exists_in_gallery
416011,D:\Liang\Pcode\Face Recognition System\identities\416011,,,,15,skipped,already_exists_in_gallery
416012,D:\Liang\Pcode\Face Recognition System\identities\416012,,,,15,skipped,already_exists_in_gallery
416013,D:\Liang\Pcode\Face Recognition System\identities\416013,,,,15,skipped,already_exists_in_gallery
417004,D:\Liang\Pcode\Face Recognition System\identities\417004,,,,15,skipped,already_exists_in_gallery
417005,D:\Liang\Pcode\Face Recognition System\identities\417005,,,,15,skipped,already_exists_in_gallery
418002,D:\Liang\Pcode\Face Recognition System\identities\418002,,,,15,skipped,already_exists_in_gallery
418003,D:\Liang\Pcode\Face Recognition System\identities\418003,,,,15,skipped,already_exists_in_gallery
418004,D:\Liang\Pcode\Face Recognition System\identities\418004,,,,15,skipped,already_exists_in_gallery
418005,D:\Liang\Pcode\Face Recognition System\identities\418005,,,,15,skipped,already_exists_in_gallery
418006,D:\Liang\Pcode\Face Recognition System\identities\418006,,,,15,skipped,already_exists_in_gallery
418007,D:\Liang\Pcode\Face Recognition System\identities\418007,,,,15,skipped,already_exists_in_gallery
501002,D:\Liang\Pcode\Face Recognition System\identities\501002,,,,15,skipped,already_exists_in_gallery
501009,D:\Liang\Pcode\Face Recognition System\identities\501009,,,,15,skipped,already_exists_in_gallery
501011,D:\Liang\Pcode\Face Recognition System\identities\501011,,,,15,skipped,already_exists_in_gallery
501014,D:\Liang\Pcode\Face Recognition System\identities\501014,,,,15,skipped,already_exists_in_gallery
502011,D:\Liang\Pcode\Face Recognition System\identities\502011,,,,15,skipped,already_exists_in_gallery
502014,D:\Liang\Pcode\Face Recognition System\identities\502014,,,,15,skipped,already_exists_in_gallery
502017,D:\Liang\Pcode\Face Recognition System\identities\502017,,,,15,skipped,already_exists_in_gallery
502018,D:\Liang\Pcode\Face Recognition System\identities\502018,,,,15,skipped,already_exists_in_gallery
502024,D:\Liang\Pcode\Face Recognition System\identities\502024,,,,15,skipped,already_exists_in_gallery
502027,D:\Liang\Pcode\Face Recognition System\identities\502027,,,,15,skipped,already_exists_in_gallery
502028,D:\Liang\Pcode\Face Recognition System\identities\502028,,,,15,skipped,already_exists_in_gallery
502029,D:\Liang\Pcode\Face Recognition System\identities\502029,,,,15,skipped,already_exists_in_gallery
502030,D:\Liang\Pcode\Face Recognition System\identities\502030,,,,15,skipped,already_exists_in_gallery
502031,D:\Liang\Pcode\Face Recognition System\identities\502031,,,,15,skipped,already_exists_in_gallery
503006,D:\Liang\Pcode\Face Recognition System\identities\503006,,,,15,skipped,already_exists_in_gallery
503014,D:\Liang\Pcode\Face Recognition System\identities\503014,,,,15,skipped,already_exists_in_gallery
503015,D:\Liang\Pcode\Face Recognition System\identities\503015,,,,15,skipped,already_exists_in_gallery
503017,D:\Liang\Pcode\Face Recognition System\identities\503017,,,,15,skipped,already_exists_in_gallery
503018,D:\Liang\Pcode\Face Recognition System\identities\503018,,,,15,skipped,already_exists_in_gallery
503019,D:\Liang\Pcode\Face Recognition System\identities\503019,,,,15,skipped,already_exists_in_gallery
503024,D:\Liang\Pcode\Face Recognition System\identities\503024,,,,15,skipped,already_exists_in_gallery
503025,D:\Liang\Pcode\Face Recognition System\identities\503025,,,,15,skipped,already_exists_in_gallery
503026,D:\Liang\Pcode\Face Recognition System\identities\503026,,,,15,skipped,already_exists_in_gallery
503027,D:\Liang\Pcode\Face Recognition System\identities\503027,,,,15,skipped,already_exists_in_gallery
503028,D:\Liang\Pcode\Face Recognition System\identities\503028,,,,15,skipped,already_exists_in_gallery
503029,D:\Liang\Pcode\Face Recognition System\identities\503029,,,,15,skipped,already_exists_in_gallery
503031,D:\Liang\Pcode\Face Recognition System\identities\503031,,,,15,skipped,already_exists_in_gallery
503033,D:\Liang\Pcode\Face Recognition System\identities\503033,,,,15,skipped,already_exists_in_gallery
503034,D:\Liang\Pcode\Face Recognition System\identities\503034,,,,15,skipped,already_exists_in_gallery
503035,D:\Liang\Pcode\Face Recognition System\identities\503035,,,,15,skipped,already_exists_in_gallery
503036,D:\Liang\Pcode\Face Recognition System\identities\503036,,,,15,skipped,already_exists_in_gallery
503037,D:\Liang\Pcode\Face Recognition System\identities\503037,,,,15,skipped,already_exists_in_gallery
503038,D:\Liang\Pcode\Face Recognition System\identities\503038,,,,15,skipped,already_exists_in_gallery
503039,D:\Liang\Pcode\Face Recognition System\identities\503039,,,,15,skipped,already_exists_in_gallery
504008,D:\Liang\Pcode\Face Recognition System\identities\504008,,,,15,skipped,already_exists_in_gallery
504012,D:\Liang\Pcode\Face Recognition System\identities\504012,,,,15,skipped,already_exists_in_gallery
504014,D:\Liang\Pcode\Face Recognition System\identities\504014,,,,15,skipped,already_exists_in_gallery
504015,D:\Liang\Pcode\Face Recognition System\identities\504015,,,,15,skipped,already_exists_in_gallery
504016,D:\Liang\Pcode\Face Recognition System\identities\504016,,,,15,skipped,already_exists_in_gallery
504017,D:\Liang\Pcode\Face Recognition System\identities\504017,,,,15,skipped,already_exists_in_gallery
504018,D:\Liang\Pcode\Face Recognition System\identities\504018,,,,15,skipped,already_exists_in_gallery
504019,D:\Liang\Pcode\Face Recognition System\identities\504019,,,,15,skipped,already_exists_in_gallery
504021,D:\Liang\Pcode\Face Recognition System\identities\504021,,,,15,skipped,already_exists_in_gallery
504022,D:\Liang\Pcode\Face Recognition System\identities\504022,,,,15,skipped,already_exists_in_gallery
504023,D:\Liang\Pcode\Face Recognition System\identities\504023,,,,15,skipped,already_exists_in_gallery
504024,D:\Liang\Pcode\Face Recognition System\identities\504024,,,,15,skipped,already_exists_in_gallery
504025,D:\Liang\Pcode\Face Recognition System\identities\504025,,,,15,skipped,already_exists_in_gallery
611004,D:\Liang\Pcode\Face Recognition System\identities\611004,,,,15,skipped,already_exists_in_gallery
611005,D:\Liang\Pcode\Face Recognition System\identities\611005,,,,15,skipped,already_exists_in_gallery
611008,D:\Liang\Pcode\Face Recognition System\identities\611008,,,,15,skipped,already_exists_in_gallery
611010,D:\Liang\Pcode\Face Recognition System\identities\611010,,,,15,skipped,already_exists_in_gallery
611011,D:\Liang\Pcode\Face Recognition System\identities\611011,,,,15,skipped,already_exists_in_gallery
611014,D:\Liang\Pcode\Face Recognition System\identities\611014,,,,15,skipped,already_exists_in_gallery
611020,D:\Liang\Pcode\Face Recognition System\identities\611020,,,,15,skipped,already_exists_in_gallery
611021,D:\Liang\Pcode\Face Recognition System\identities\611021,,,,15,skipped,already_exists_in_gallery
611023,D:\Liang\Pcode\Face Recognition System\identities\611023,,,,15,skipped,already_exists_in_gallery
611024,D:\Liang\Pcode\Face Recognition System\identities\611024,,,,15,skipped,already_exists_in_gallery
611027,D:\Liang\Pcode\Face Recognition System\identities\611027,,,,15,skipped,already_exists_in_gallery
621004,D:\Liang\Pcode\Face Recognition System\identities\621004,,,,15,skipped,already_exists_in_gallery
621011,D:\Liang\Pcode\Face Recognition System\identities\621011,,,,15,skipped,already_exists_in_gallery
621012,D:\Liang\Pcode\Face Recognition System\identities\621012,,,,15,skipped,already_exists_in_gallery
631002,D:\Liang\Pcode\Face Recognition System\identities\631002,,,,15,skipped,already_exists_in_gallery
631011,D:\Liang\Pcode\Face Recognition System\identities\631011,,,,15,skipped,already_exists_in_gallery
631012,D:\Liang\Pcode\Face Recognition System\identities\631012,,,,15,skipped,already_exists_in_gallery
631013,D:\Liang\Pcode\Face Recognition System\identities\631013,,,,15,skipped,already_exists_in_gallery
631014,D:\Liang\Pcode\Face Recognition System\identities\631014,,,,15,skipped,already_exists_in_gallery
631019,D:\Liang\Pcode\Face Recognition System\identities\631019,,,,15,skipped,already_exists_in_gallery
631020,D:\Liang\Pcode\Face Recognition System\identities\631020,,,,15,skipped,already_exists_in_gallery
631022,D:\Liang\Pcode\Face Recognition System\identities\631022,,,,15,skipped,already_exists_in_gallery
641025,D:\Liang\Pcode\Face Recognition System\identities\641025,,,,15,skipped,already_exists_in_gallery
641026,D:\Liang\Pcode\Face Recognition System\identities\641026,,,,15,skipped,already_exists_in_gallery
651004,D:\Liang\Pcode\Face Recognition System\identities\651004,,,,15,skipped,already_exists_in_gallery
651005,D:\Liang\Pcode\Face Recognition System\identities\651005,,,,15,skipped,already_exists_in_gallery
651007,D:\Liang\Pcode\Face Recognition System\identities\651007,,,,15,skipped,already_exists_in_gallery
661009,D:\Liang\Pcode\Face Recognition System\identities\661009,,,,15,skipped,already_exists_in_gallery
681002,D:\Liang\Pcode\Face Recognition System\identities\681002,,,,15,skipped,already_exists_in_gallery
681004,D:\Liang\Pcode\Face Recognition System\identities\681004,,,,15,skipped,already_exists_in_gallery
681005,D:\Liang\Pcode\Face Recognition System\identities\681005,,,,15,skipped,already_exists_in_gallery
681006,D:\Liang\Pcode\Face Recognition System\identities\681006,,,,15,skipped,already_exists_in_gallery
LS1113,D:\Liang\Pcode\Face Recognition System\identities\LS1113,,,,15,skipped,already_exists_in_gallery
M729B7997,D:\Liang\Pcode\Face Recognition System\identities\M729B7997,,,,15,skipped,already_exists_in_gallery
PY001,D:\Liang\Pcode\Face Recognition System\identities\PY001,,,,15,skipped,already_exists_in_gallery
PY002,D:\Liang\Pcode\Face Recognition System\identities\PY002,,,,15,skipped,already_exists_in_gallery
PY003,D:\Liang\Pcode\Face Recognition System\identities\PY003,,,,15,skipped,already_exists_in_gallery
PY004,D:\Liang\Pcode\Face Recognition System\identities\PY004,,,,15,skipped,already_exists_in_gallery
PY005,D:\Liang\Pcode\Face Recognition System\identities\PY005,,,,15,skipped,already_exists_in_gallery
PY006,D:\Liang\Pcode\Face Recognition System\identities\PY006,,,,15,skipped,already_exists_in_gallery
PY009,D:\Liang\Pcode\Face Recognition System\identities\PY009,,,,15,skipped,already_exists_in_gallery
PY010,D:\Liang\Pcode\Face Recognition System\identities\PY010,,,,15,skipped,already_exists_in_gallery
PY011,D:\Liang\Pcode\Face Recognition System\identities\PY011,,,,15,skipped,already_exists_in_gallery
PY012,D:\Liang\Pcode\Face Recognition System\identities\PY012,,,,15,skipped,already_exists_in_gallery
PY013,D:\Liang\Pcode\Face Recognition System\identities\PY013,,,,15,skipped,already_exists_in_gallery
PY016,D:\Liang\Pcode\Face Recognition System\identities\PY016,,,,15,skipped,already_exists_in_gallery
PY017,D:\Liang\Pcode\Face Recognition System\identities\PY017,,,,15,skipped,already_exists_in_gallery
PY018,D:\Liang\Pcode\Face Recognition System\identities\PY018,,,,15,skipped,already_exists_in_gallery
PY019,D:\Liang\Pcode\Face Recognition System\identities\PY019,,,,15,skipped,already_exists_in_gallery
PY020,D:\Liang\Pcode\Face Recognition System\identities\PY020,,,,15,skipped,already_exists_in_gallery
PY021,D:\Liang\Pcode\Face Recognition System\identities\PY021,,,,15,skipped,already_exists_in_gallery
PY022,D:\Liang\Pcode\Face Recognition System\identities\PY022,,,,15,skipped,already_exists_in_gallery
PY023,D:\Liang\Pcode\Face Recognition System\identities\PY023,,,,15,skipped,already_exists_in_gallery
PY025,D:\Liang\Pcode\Face Recognition System\identities\PY025,,,,15,skipped,already_exists_in_gallery
PY026,D:\Liang\Pcode\Face Recognition System\identities\PY026,,,,15,skipped,already_exists_in_gallery
PY029,D:\Liang\Pcode\Face Recognition System\identities\PY029,,,,15,skipped,already_exists_in_gallery
PY030,D:\Liang\Pcode\Face Recognition System\identities\PY030,,,,15,skipped,already_exists_in_gallery
PY031,D:\Liang\Pcode\Face Recognition System\identities\PY031,,,,15,skipped,already_exists_in_gallery
PY032,D:\Liang\Pcode\Face Recognition System\identities\PY032,,,,15,skipped,already_exists_in_gallery
PY033,D:\Liang\Pcode\Face Recognition System\identities\PY033,,,,15,skipped,already_exists_in_gallery
PY034,D:\Liang\Pcode\Face Recognition System\identities\PY034,,,,15,skipped,already_exists_in_gallery
PY035,D:\Liang\Pcode\Face Recognition System\identities\PY035,,,,15,skipped,already_exists_in_gallery
PY036,D:\Liang\Pcode\Face Recognition System\identities\PY036,,,,15,skipped,already_exists_in_gallery
PY037,D:\Liang\Pcode\Face Recognition System\identities\PY037,,,,15,skipped,already_exists_in_gallery
PY038,D:\Liang\Pcode\Face Recognition System\identities\PY038,,,,15,skipped,already_exists_in_gallery
PY040,D:\Liang\Pcode\Face Recognition System\identities\PY040,,,,15,skipped,already_exists_in_gallery
PY041,D:\Liang\Pcode\Face Recognition System\identities\PY041,,,,15,skipped,already_exists_in_gallery
PY043,D:\Liang\Pcode\Face Recognition System\identities\PY043,,,,15,skipped,already_exists_in_gallery
PY044,D:\Liang\Pcode\Face Recognition System\identities\PY044,,,,15,skipped,already_exists_in_gallery
PY045,D:\Liang\Pcode\Face Recognition System\identities\PY045,,,,15,skipped,already_exists_in_gallery
PY046,D:\Liang\Pcode\Face Recognition System\identities\PY046,,,,15,skipped,already_exists_in_gallery
PY047,D:\Liang\Pcode\Face Recognition System\identities\PY047,,,,15,skipped,already_exists_in_gallery
PY048,D:\Liang\Pcode\Face Recognition System\identities\PY048,,,,15,skipped,already_exists_in_gallery
PY049,D:\Liang\Pcode\Face Recognition System\identities\PY049,,,,15,skipped,already_exists_in_gallery
PY050,D:\Liang\Pcode\Face Recognition System\identities\PY050,,,,15,skipped,already_exists_in_gallery
PY051,D:\Liang\Pcode\Face Recognition System\identities\PY051,,,,15,skipped,already_exists_in_gallery
PY052,D:\Liang\Pcode\Face Recognition System\identities\PY052,,,,15,skipped,already_exists_in_gallery
PY053,D:\Liang\Pcode\Face Recognition System\identities\PY053,,,,15,skipped,already_exists_in_gallery
PY055,D:\Liang\Pcode\Face Recognition System\identities\PY055,,,,15,skipped,already_exists_in_gallery
PY056,D:\Liang\Pcode\Face Recognition System\identities\PY056,,,,15,skipped,already_exists_in_gallery
PY057,D:\Liang\Pcode\Face Recognition System\identities\PY057,,,,15,skipped,already_exists_in_gallery
PY058,D:\Liang\Pcode\Face Recognition System\identities\PY058,,,,15,skipped,already_exists_in_gallery
PY059,D:\Liang\Pcode\Face Recognition System\identities\PY059,,,,15,skipped,already_exists_in_gallery
PY060,D:\Liang\Pcode\Face Recognition System\identities\PY060,,,,15,skipped,already_exists_in_gallery
PY061,D:\Liang\Pcode\Face Recognition System\identities\PY061,,,,15,skipped,already_exists_in_gallery
PY062,D:\Liang\Pcode\Face Recognition System\identities\PY062,,,,15,skipped,already_exists_in_gallery
PY063,D:\Liang\Pcode\Face Recognition System\identities\PY063,,,,15,skipped,already_exists_in_gallery
PY065,D:\Liang\Pcode\Face Recognition System\identities\PY065,,,,15,skipped,already_exists_in_gallery
PY066,D:\Liang\Pcode\Face Recognition System\identities\PY066,,,,15,skipped,already_exists_in_gallery
PY067,D:\Liang\Pcode\Face Recognition System\identities\PY067,,,,15,skipped,already_exists_in_gallery
PY069,D:\Liang\Pcode\Face Recognition System\identities\PY069,,,,15,skipped,already_exists_in_gallery
PY070,D:\Liang\Pcode\Face Recognition System\identities\PY070,,,,15,skipped,already_exists_in_gallery
PY071,D:\Liang\Pcode\Face Recognition System\identities\PY071,,,,15,skipped,already_exists_in_gallery
PY072,D:\Liang\Pcode\Face Recognition System\identities\PY072,,,,15,skipped,already_exists_in_gallery
PY073,D:\Liang\Pcode\Face Recognition System\identities\PY073,,,,15,skipped,already_exists_in_gallery
PY074,D:\Liang\Pcode\Face Recognition System\identities\PY074,,,,15,skipped,already_exists_in_gallery
PY075,D:\Liang\Pcode\Face Recognition System\identities\PY075,,,,15,skipped,already_exists_in_gallery
PY076,D:\Liang\Pcode\Face Recognition System\identities\PY076,,,,15,skipped,already_exists_in_gallery
PY077,D:\Liang\Pcode\Face Recognition System\identities\PY077,,,,15,skipped,already_exists_in_gallery
PY078,D:\Liang\Pcode\Face Recognition System\identities\PY078,,,,15,skipped,already_exists_in_gallery
PY079,D:\Liang\Pcode\Face Recognition System\identities\PY079,,,,15,skipped,already_exists_in_gallery
PY080,D:\Liang\Pcode\Face Recognition System\identities\PY080,,,,15,skipped,already_exists_in_gallery
PY081,D:\Liang\Pcode\Face Recognition System\identities\PY081,,,,15,skipped,already_exists_in_gallery
PY082,D:\Liang\Pcode\Face Recognition System\identities\PY082,,,,15,skipped,already_exists_in_gallery
PY083,D:\Liang\Pcode\Face Recognition System\identities\PY083,,,,15,skipped,already_exists_in_gallery
PY084,D:\Liang\Pcode\Face Recognition System\identities\PY084,,,,15,skipped,already_exists_in_gallery
PY085,D:\Liang\Pcode\Face Recognition System\identities\PY085,,,,15,skipped,already_exists_in_gallery
PY086,D:\Liang\Pcode\Face Recognition System\identities\PY086,,,,15,skipped,already_exists_in_gallery
PY087,D:\Liang\Pcode\Face Recognition System\identities\PY087,,,,15,skipped,already_exists_in_gallery
PY088,D:\Liang\Pcode\Face Recognition System\identities\PY088,,,,15,skipped,already_exists_in_gallery
PY089,D:\Liang\Pcode\Face Recognition System\identities\PY089,,,,15,skipped,already_exists_in_gallery
PY090,D:\Liang\Pcode\Face Recognition System\identities\PY090,,,,15,skipped,already_exists_in_gallery
PY091,D:\Liang\Pcode\Face Recognition System\identities\PY091,,,,15,skipped,already_exists_in_gallery
PY092,D:\Liang\Pcode\Face Recognition System\identities\PY092,,,,15,skipped,already_exists_in_gallery
PY093,D:\Liang\Pcode\Face Recognition System\identities\PY093,,,,15,skipped,already_exists_in_gallery
PY094,D:\Liang\Pcode\Face Recognition System\identities\PY094,,,,15,skipped,already_exists_in_gallery
PY097,D:\Liang\Pcode\Face Recognition System\identities\PY097,,,,15,skipped,already_exists_in_gallery
PY098,D:\Liang\Pcode\Face Recognition System\identities\PY098,,,,15,skipped,already_exists_in_gallery
PY099,D:\Liang\Pcode\Face Recognition System\identities\PY099,,,,15,skipped,already_exists_in_gallery
PY103,D:\Liang\Pcode\Face Recognition System\identities\PY103,,,,15,skipped,already_exists_in_gallery
PY104,D:\Liang\Pcode\Face Recognition System\identities\PY104,,,,15,skipped,already_exists_in_gallery
PY105,D:\Liang\Pcode\Face Recognition System\identities\PY105,,,,15,skipped,already_exists_in_gallery
PY107,D:\Liang\Pcode\Face Recognition System\identities\PY107,,,,15,skipped,already_exists_in_gallery
PY108,D:\Liang\Pcode\Face Recognition System\identities\PY108,,,,15,skipped,already_exists_in_gallery
PY109,D:\Liang\Pcode\Face Recognition System\identities\PY109,,,,15,skipped,already_exists_in_gallery
PY110,D:\Liang\Pcode\Face Recognition System\identities\PY110,,,,15,skipped,already_exists_in_gallery
PY111,D:\Liang\Pcode\Face Recognition System\identities\PY111,,,,15,skipped,already_exists_in_gallery
PY112,D:\Liang\Pcode\Face Recognition System\identities\PY112,,,,15,skipped,already_exists_in_gallery
PY113,D:\Liang\Pcode\Face Recognition System\identities\PY113,,,,15,skipped,already_exists_in_gallery
PY114,D:\Liang\Pcode\Face Recognition System\identities\PY114,,,,15,skipped,already_exists_in_gallery
PY115,D:\Liang\Pcode\Face Recognition System\identities\PY115,,,,15,skipped,already_exists_in_gallery
PY116,D:\Liang\Pcode\Face Recognition System\identities\PY116,,,,15,skipped,already_exists_in_gallery
PY117,D:\Liang\Pcode\Face Recognition System\identities\PY117,,,,15,skipped,already_exists_in_gallery
PY118,D:\Liang\Pcode\Face Recognition System\identities\PY118,,,,15,skipped,already_exists_in_gallery
PY119,D:\Liang\Pcode\Face Recognition System\identities\PY119,,,,15,skipped,already_exists_in_gallery
PY120,D:\Liang\Pcode\Face Recognition System\identities\PY120,,,,15,skipped,already_exists_in_gallery
PY121,D:\Liang\Pcode\Face Recognition System\identities\PY121,,,,15,skipped,already_exists_in_gallery
PY122,D:\Liang\Pcode\Face Recognition System\identities\PY122,,,,15,skipped,already_exists_in_gallery
PY123,D:\Liang\Pcode\Face Recognition System\identities\PY123,,,,15,skipped,already_exists_in_gallery
PY124,D:\Liang\Pcode\Face Recognition System\identities\PY124,,,,15,skipped,already_exists_in_gallery
PY125,D:\Liang\Pcode\Face Recognition System\identities\PY125,,,,15,skipped,already_exists_in_gallery
PY126,D:\Liang\Pcode\Face Recognition System\identities\PY126,,,,15,skipped,already_exists_in_gallery
PY127,D:\Liang\Pcode\Face Recognition System\identities\PY127,,,,15,skipped,already_exists_in_gallery
PY128,D:\Liang\Pcode\Face Recognition System\identities\PY128,,,,15,skipped,already_exists_in_gallery
PY129,D:\Liang\Pcode\Face Recognition System\identities\PY129,,,,15,skipped,already_exists_in_gallery
WJ0001,D:\Liang\Pcode\Face Recognition System\identities\WJ0001,,,,15,skipped,already_exists_in_gallery
WJ0002,D:\Liang\Pcode\Face Recognition System\identities\WJ0002,,,,15,skipped,already_exists_in_gallery
WJ0003,D:\Liang\Pcode\Face Recognition System\identities\WJ0003,,,,15,skipped,already_exists_in_gallery
